name,website,ycdc_status,location
"Resend",https://resend.com,Active,"San Francisco","Zeno Rocha","","Bu Kinoshita",""
"PagerDuty",http://pagerduty.com,Public,"San Francisco","Alex Solomon","CTO"
"Sohar Health",https://www.soharhealth.com,Active,"London, United Kingdom","Dr Ashish Mandavia MD","","Lucas Gordon",""
"Adventris Pharmaceuticals",https://adventris.com,Active,"Baltimore, MD","Jen Herbach","","William Collis","","Mark Yarchoan",""
"Redcliffe Lifetech",http://redcliffelabs.com,Active,"Delhi, India","Dheeraj Jain","","Aditya Kandoi",""
"Snapdocs",http://snapdocs.com,Active,"San Francisco","Aaron King","CEO"
"coil",http://www.trycoil.com,Active,"New York","Eleazar Vega-Gonzalez","","Ryan Hall",""
"Kite",https://kite.video,Active,"San Francisco","Derek Feehrer","","Todd Ashley",""
"Plivo",https://plivo.com,Active,"Austin, TX","Venky B","","Michael Ricordeau",""
"Silimate",https://www.silimate.com,Active,"Mountain View","Ann Wu","","Akash Levy",""
"Poll Everywhere",https://www.polleverywhere.com,Active,"San Francisco","Jeff Vyduna","CEO"
"Sirdab",https://sirdab.co/en,Active,"Riyadh, Saudi Arabia","Naif Alzahri","","Abdulrahman Alnamlah",""
"Netomi",https://netomi.com,Active,"San Mateo, CA","Puneet Mehta","CEO"
"Cambly",http://www.cambly.com,Active,"San Francisco","Kevin Law","","Sameer Shariff",""
"Mio",http://m.io,Active,"Austin, TX","Tom Hadfield","CEO","James Cundle","CTO"
"Vizly",https://vizly.fyi/,Active,"San Francisco","Ali Shobeiri","","Sami Sahnoune",""
"Hive",http://www.hive.co,Active,"Kitchener, Canada","Patrick Hannigan","CTO","Ian Roberts",""
"Suger",https://www.suger.io/,Active,"San Mateo, CA","Chengjun Yuan","","Jon Yoo",""
"Wevorce",http://wevorce.com,Active,"Bothell, WA","Michelle Crosby","CEO"
"Flock Safety",http://www.flocksafety.com,Active,"Atlanta, GA","Garrett Langley","CEO","Matt Feury","CTO"
"Mantys",https://www.mantys.io/,Active,"Bengaluru, India","Kriti Arora","","Mudit Dangi",""
"Koywe",https://koywe.com,Active,"Miami, FL","Ignacio Detmer","","Guillermo Acu√±a",""
"GrubMarket",http://grubmarket.com,Active,"San Francisco","Mike Xu","CEO, , President"
"Osmind",https://osmind.org/,Active,"San Francisco","Lucia Huang","","Jimmy Qian",""
"Labdoor",https://labdoor.com,Active,"San Francisco","Neil Thanedar","CEO","Rafael Ferreira","CMO","Helton Souza","CTO"
"Standard AI",https://standard.ai,Active,"San Francisco","Jordan Fisher","CEO","Michael Suswal","COO","David Valdman",""
"Sherloq",http://sherloqdata.io/,Active,"Tel Aviv-Yafo, Israel","Noy Twerski","","Nadav Gutman","","Alon Greenfield",""
"BuildJet",https://buildjet.com,Active,"Berlin, Germany","Adam Shiervani","","Lian Duan",""
"Bankjoy",http://bankjoy.com,Active,"Troy, MI","Mike Duncan","CEO"
"OutSail Technologies",https://www.outsailtech.com/,Active,"Mountain View","Arpan Rau","","Joseph Oorebeek","","Bailey Da Costa",""
"Pier",http://www.pier-finance.com,Active,"San Francisco","Jessica Zhang","","Alex Hegevall Clarke",""
"NewsBlur",https://www.newsblur.com,Active,"Cambridge, MA","Samuel Clay",""
"Foundation",https://buildwithfoundation.com/,Active,"Boulder, CO","Luke Groesbeck","","Blake Embrey","","Graham Place","","Derek Schairer",""
"Human Dx",http://humandx.org,Active,"San Francisco","Jay Komarneni","CEO","Irving Lin","Team Member"
"UpTrain AI",https://uptrain.ai/,Active,"Bengaluru, India","Sourabh Agrawal","","Shikha Mohanty",""
"Pigeonly",http://pigeonly.com,Active,"Las Vegas, NV","Frederick Hutson","CEO","Alfonzo Brooks","CFLO"
"ten.dev",https://ten.dev,Active,"Limerick, Ireland","Eoghan Mulcahy","","Liam Mulcahy","","Eoin Walsh",""
"Skill-lync",http://skill-lync.com,Active,"Chennai, India","Surya Paneerselvam","","Sarang",""
"Burrow",http://www.burrow.com,Active,"New York","Stephen Kuhl","CEO","Kabeer Chopra",""
"Momentus",https://momentus.space,Public,"Santa Clara, CA","Mikhail Kokorich",""
"Floworks",https://floworks.ai/,Active,"San Francisco","Sarthak Shrivastava","","Sudipta Biswas",""
"Billforward",https://www.billforward.io/,Active,"San Francisco","Aubone Tennant","Chief Growth Officer"
"Martola",http://www.marto.la,Active,"San Francisco","Wael Al Sallami",""
"PartnerStack",https://partnerstack.com,Active,"Toronto, Canada","Neil Chudleigh","CTO","Bryn Jones","","Jonathan Mendes","Designer","Luke Swanek",""
"Ambition",https://ambition.com,Active,"Chattanooga, TN","Travis Truett","CEO","Brian Trautschold","COO","Jared Houghton",""
"Giveffect",http://giveffect.com,Active,"New York","Allan Shin","CPO","Kevin Shin",""
"Cruise",http://getcruise.com,Acquired,"San Francisco","Kyle Vogt","CEO","Daniel Kan","COO"
"SpecCheck",https://www.speccheckrx.com/,Active,"Los Angeles, CA","Joe DeMaria","","Arnold Villatoro",""
"OpenCurriculum",https://opencurriculum.org,Active,"Mountain View","Varun Arora","Founding Director"
"Pylon",https://www.usepylon.com/,Active,"San Francisco","Advith Chelikani","","Robert Eng","","Marty Kausas",""
"Cloudchipr",https://cloudchipr.com/,Active,"Berlin, Germany","Ashot Ayvazyan","","Suren Marashlyan",""
"Truebill",https://www.truebill.com,Acquired,"Silver Spring, MD","Yahya Mokhtarzada","CEO","Haroon Mokhtarzada","","Idris Mokhtarzada","CTO"
"Super",http://superapp.id/,Active,"Surabaya, Indonesia","Michael Rendy Haryadi Tanuwidjaja","","Steven Wongsoredjo",""
"DoorDash",http://doordash.com,Public,"San Francisco","Tony Xu","CEO","Stanley Tang","","Andy Fang",""
"Focal Systems",http://www.focal.systems,Active,"New York","Francois Chaubard","CEO","Michael Cantalino","COO"
"Reebee",http://reebee.com,Active,"Kitchener, Canada","Michal Martyniak",""
"Sant√©",https://santehq.com/,Active,"New York","Darren Fike","","Antoine Balaresque",""
"Presto",http://presto.com,Public,"San Carlos, CA","Rajat Suri","CEO"
"Conduit",http://helloconduit.com,Active,"San Francisco","Conrad Lilleness","","Saba Khalilnaji",""
"Pledge Health",https://www.pledge.health/,Active,"New York","Shreya Jagarlamudi","","Andrew Tang",""
"gleam",https://www.gleamcare.com/,Active,"San Francisco","Oliver Keh","","Emeka Itegbe",""
"Serial",https://www.serial.io/,Active,"San Francisco","Tak Alguire","","Devon Copeland",""
"Padlet",https://padlet.com,Active,"San Francisco","Nitesh Goel","CEO"
"Middesk",http://www.middesk.com,Active,"San Francisco","Kyle Mack","CEO","Kurt Ruppel",""
"Epsilon",https://www.epsilon-ai.com,Active,"New York","Eshan Agarwal","","Viraj Rai",""
"Karat Financial",http://trykarat.com,Active,"San Francisco","Will Kim","","Eric Wei",""
"CheqUPI",https://www.cheq.money,Active,"Bengaluru, India","Sudhanshu Shekhar","","Manish Shukla",""
"Apto Payments",https://www.aptopayments.com/,Acquired,"San Francisco","Greg Kidd","","Meg Nakamura",""
"Dashdive",https://dashdive.com,Active,"San Francisco","Micah Wheat","","Adam Shugar",""
"Tiptap",https://tiptap.dev/,Active,"Berlin, Germany","Philip Isik","","Patrick Baber","","Sven Adlung","","Nick Hirche","","Timo Isik","","Sebastian Schrama",""
"Cofactor Genomics",http://cofactorgenomics.com,Active,"St. Louis, MO","Dave Messina","COO","Jarret Glasscock","CTO"
"Fern",https://www.buildwithfern.com,Active,"New York","Danny Sheridan","","Deep Singhvi",""
"Bellabeat",http://bellabeat.com,Active,"San Francisco","Urska Srsen","CCO","Sandro Mur",""
"Checkr",http://www.checkr.com,Active,"San Francisco","Daniel Yanisse","CEO","Jonathan Perichon","CTO"
"FundersClub",https://fundersclub.com/,Active,"San Francisco","Alex Mittal","CEO","Boris Silver","President"
"Lollipuff",http://lollipuff.com,Active,"Mountain View","Fei Deyle","CEO"
"Movley",https://movley.com/,Active,"New York","Sajag Agarwal","","Jake Corkin","","Michael Friedman","","Rafael Petry",""
"Rescale",https://rescale.com,Active,"San Francisco","Joris Poort","CEO","Adam McKenzie","CTO"
"Hidden Hand",https://www.hiddenhand.io/,Active,"San Francisco","Bennett Cohen",""
"Zapier",http://zapier.com,Active,"Mountain View","Wade Foster","","Mike Knoop","President","Bryan Helmig","CTO, , engineer"
"Fintual",https://fintual.com,Active,"Santiago, Chile","Pedro Pineda","CEO","Agust√≠n Feuerhake","","Omar Larr√©","","Andres Marinkovic","CTO"
"Atomwise",http://atomwise.com,Active,"San Francisco","Abraham Heifets","CEO","Izhar Wallach","CTO"
"Titan",http://www.titan.com,Active,"New York","Clayton Gardner","","Joe Percoco","","Max Bernardy","CTO"
"Ironclad",http://ironcladapp.com,Active,"San Francisco","Jason Boehmig","CEO","Cai GoGwilt","CTO"
"Semantic Finance",https://semanticfinance.com,Active,"San Francisco","Joshua Ying","","Akhil Murthy",""
"Belvo",https://belvo.com,Active,"S√£o Paulo, Brazil","Oriol Tintore","","Pablo Viguera",""
"Flip",http://justflip.com,Active,"Los Angeles, CA","Kemar Newell","CEO"
"Quartzy",https://www.quartzy.com,Active,"Hayward, CA","Adam Regelmann","COO"
"Weave",http://getweave.com,Public,"Lehi, UT","Brandon Rodman","CEO","Clint Berry","CTO","Jared Rodman","COO"
"Chow Central Inc",https://chowcentral.com,Active,"Lagos, Nigeria","Tosin Onafuye","","Adeyemi Onafuye","","Christopher Obasi",""
"Function of Beauty",http://www.functionofbeauty.com,Active,"New York","Zahir Dossa","CEO","Hien Kaplan","Chief Scientist","Joshua Maciejewski","COO"
"HockeyStack",https://hockeystack.com,Active,"San Francisco","Buƒüra G√ºnd√ºz","","Arda Bulut","","Emir Atli",""
"TableFlow",https://tableflow.com,Active,"San Francisco","Mitch Patin","","Eric Ciminelli",""
"Snappr",https://www.snappr.com,Active,"San Francisco","Matt Schiller","CEO"
"Swishjam",https://swishjam.com,Active,"Los Angeles, CA","Collin Schneider","","Zachary Zimbler",""
"Bujeti",https://www.bujeti.com,Active,"Lagos, Nigeria","Achille AROUKO","","Samy Chiba",""
"Alchemy",http://www.alchemynano.com,Active,"Waterloo, Canada","Khanjan Desai","","Chong Shen",""
"AptDeco",https://www.aptdeco.com/,Active,"New York","Reham Fagiri","CEO","kalam dennis",""
"Wattson Health",https://www.wattsonhealth.com,Active,"New York","Justin Spitz","","Cleophus Robinson IV",""
"Sweetspot",https://www.sweetspot.so/,Active,"Austin, TX","Sachin Subramanian","","Philip Kung","","Andrew Arkhipov",""
"WorkRamp",https://www.workramp.com,Active,"San Francisco","Ted Blosser","CEO","Arsh Mand","COO"
"Upwave",http://www.upwave.com,Active,"San Francisco","Chris Kelly","CEO"
"Yardbook",https://www.yardbook.com,Active,"San Mateo, CA","Mark Ke","CEO"
"Peeba",http://peeba.com/,Active,"Hong Kong, Hong Kong","Jacky Lai","","Kevin Cho",""
"Leafpress",https://www.leafpress.io,Active,"San Francisco","Devishi Jha","","Jianna Liu",""
"Credal.ai",https://credal.ai,Active,"New York","Ravin Thambapillai","","Jack Fischer",""
"MarqVision",https://www.marqvision.com/,Active,"Los Angeles, CA","Mark Lee","","DK (Do Kyung) Lee",""
"Shadeform",https://www.shadeform.ai/,Active,"San Francisco","Ed Goode","","Ronald Ding","","Zachary Warren",""
"RightPage",https://rightpage.com,Active,"Boston","Michael Brady","","Arjun Murthy",""
"Gecko Robotics",https://www.geckorobotics.com,Active,"Austin, TX","Jake Loosararian","CEO","Troy Demmer","COO"
"New Story",http://newstoryhomes.org,Active,"Atlanta, GA","Brett Hagler","CEO","Matthew Marshall",""
"Localyze",https://www.localyze.com,Active,"Hamburg, Germany","Hanna Marie Asmussen","","Lisa Dahlke","","Franzi L√∂w",""
"TrendUp",https://trendup.ai/,Active,"Irvine, CA","Tim Jang","","Brayden Werner",""
"PostHog",https://www.posthog.com,Active,"San Francisco","James Hawkins","","Tim Glaser",""
"Culture Biosciences",https://culturebiosciences.com,Active,"South San Francisco, CA","Will Patrick","CEO","Matt Ball","CTO"
"Prometheus",http://www.prometheusfuels.com,Active,"Santa Cruz, CA","Rob McGinnis","CEO"
"Squire Technologies",http://getsquire.com/,Active,"New York","Songe LaRon","CEO","Dave Salvant","President"
"Alguna",https://alguna.io,Active,"San Francisco","Aleks ƒêekiƒá","","Jamie MacLeod",""
"Deel",https://www.deel.com/,Active,"San Francisco","Alex Bouaziz","CEO","Shuo Wang","CRO"
"Metal",https://getmetal.io/,Active,"New York","Taylor Lowe","","James O'Dwyer","","Sergio Prada",""
"Roundtable",https://roundtable.ai,Active,"Princeton, NJ","Mayank Agrawal","","Matt Hardy",""
"Thrive Agritech",http://www.thriveagritech.com,Active,"New York","Brian Bennett","CEO"
"Razorpay",https://razorpay.com,Active,"Bengaluru, India","Harshil Mathur","CEO","Shashank Kumar",""
"Eligible",https://eligible.com,Active,"NY","Katelyn Gleason","CEO"
"Lugg",http://lugg.com,Active,"San Francisco","Jordan Brown","CEO","Eric Kreutzer",""
"Surface Labs",https://withsurface.com,Active,"San Francisco","Saharsh Agrawal","","Arjun Sahai",""
"EquipmentShare",https://www.equipmentshare.com,Active,"Columbia, MO","Jeff Lowe","","Jabbok Schlacks","","William Schlacks","President","Brad Siegler",""
"Accend",https://www.withaccend.com/,Active,"San Mateo, CA","Pranjal Daga","","Yutong Pei","","Joseph Zhou",""
"GetAccept",https://www.getaccept.com,Active,"San Francisco","Samir Smajic","CEO","Mathias Thulin","Executive Partner","Jonas Blanck","","Carl Carell",""
"Stripe",http://stripe.com,Active,"San Francisco","Patrick Collison","CEO","John Collison","President"
"Cheetah",http://gocheetah.com,Active,"San Francisco","Na'ama Moran","CEO"
"RescueTime",http://rescuetime.com,Active,"Seattle, WA","Brian Fioca","","Tony Wright","(Product & Growth)"
"42",https://42technologies.com,Active,"San Francisco","Nick Porter","CTO"
"Electric Air",https://www.electricair.io/,Active,"San Francisco","Chris Mui",""
"Gordian Software",https://www.gordiansoftware.com/,Active,"Bellevue, WA","Stephen Grabowski",""
"EasyPost",http://easypost.com,Active,"San Francisco","Jarrett Streebin","Title"
"Pulley",https://pulley.com,Active,"San Francisco","Yin Wu",""
"Ontop",https://www.getontop.com/,Active,"Miami, FL","Santiago Aparicio","","Jaime Abella","","Julian Torres",""
"Spire Health",https://spirehealth.com/,Active,"San Francisco","Neema Moraveji","Chief Scientist"
"Orchid",https://orchid.health,Active,"San Francisco","Joseph Pomianowski","","Daniel Varga",""
"Ginkgo Bioworks",http://ginkgobioworks.com,Public,"Boston","Barry Canton","","Austin Che","","Jason Kelly","","Tom Knight","","Reshma Shetty",""
"Alpaca",https://alpaca.markets/,Active,"San Mateo, CA","Yoshi Yokokawa","","Hitoshi Harada","CTO"
"FlowiseAI",https://flowiseai.com,Active,"San Francisco","Henry Heng","","Chung Yau Ong",""
"GitLab",http://gitlab.com/,Public,"San Francisco","Sid Sijbrandij","CEO","Dmytro Zaporozhets","CTO"
"Nowadays",http://getnowadays.com/,Active,"San Francisco","Anna Sun","","Amy Yan",""
"Flirtey (SkyDrop)",https://www.flirtey.com/,Active,"Reno, NV","Matthew Sweeny","CEO"
"Wefunder",http://wefunder.com,Active,"San Francisco","Nick Tommarello","CEO","Greg Belote","CTO"
"TRM Labs",https://trmlabs.com/,Active,"San Francisco","Esteban Casta√±o","","Rahul Raina",""
"WePay",http://wepay.com,Acquired,"Redwood City, CA","Bill Clerico","CEO","Richard Aberman","CPO"
"Rippling",http://rippling.com/,Active,"San Francisco","Parker Conrad","CEO","Prasanna S","CTO"
"Ruuf",https://www.ruuf.cl,Active,"Santiago, Chile","Domingo Garcia-Huidobro","","Tom√°s Campos","","Pedro Saratscheff",""
"Ophelia",https://ophelia.com,Active,"New York","Mattan Griffel","","Zack Gray",""
"Shasqi",https://,Active,"San Francisco","Jose M. Mejia Oneto","CEO"
"Infobot",https://infobot.ai,Active,"Oakland, CA","Justin Harvey","","Eduardo Faraday","","Orestis Lykouropoulos",""
"Pincites",https://www.pincites.com/,Active,"San Francisco","Sona Sulakian","","Mariam Sulakian","","Grey Baker",""
"Nabis",https://www.nabis.com/,Active,"San Francisco","Vince Ning","","Jun S. Lee",""
"Modern Treasury",http://www.moderntreasury.com/,Active,"San Francisco","Dimitri Dadiomov","CEO","Sam Aarons","","Matt Marcus",""
"Retool",https://retool.com,Active,"San Francisco","David Hsu","CEO"
"Trayd",https://www.buildtrayd.com/,Active,"New York","Anna Berger","","Cara Kessler",""
"CodeCombat",https://codecombat.com,Active,"San Francisco","Nick Winter","CEO"
"Spenmo",https://spenmo.com/,Active,"Singapore, Singapore","Mohandass Kalaichelvan","","Isaq Ahmed Mukthar",""
"Rigetti Computing",http://rigetti.com,Public,"Berkeley, CA","Chad Rigetti","CEO"
"Momentum Foods",http://www.momentumfoods.com,Active,"Los Angeles, CA","Saba Fazeli","","Brice Klein",""
"Kalam",https://kalam.in,Active,"Bengaluru, India","Vimal Singh Rathore","","Aseem Gupta",""
"Trackstar",https://www.trackstarhq.com/,Active,"New York","Jeremy Schneck","","Daniel Langer",""
"CodeNow",http://codenow.org,Active,"Chicago, IL","Ryan Seashore","CEO"
"AiFlow",https://aiflow.solutions,Active,"San Francisco","Nicholas Manske","","Josh Gardner",""
"Upstream",https://www.upstream.do/,Active,"Paris, France","Louis Lecat","","Jonathan Tiret",""
"Convex",https://www.convex.com,Active,"San Francisco","Charlie Warren","CEO","Blake Meulmester","COO"
"Verge Genomics",http://vergegenomics.com,Active,"San Francisco","Alice Zhang","CEO"
"Pardes Biosciences",http://www.pardesbio.com,Public,"San Francisco","Uri Lopatin","CEO"
"Concourse",https://concourse.co/,Active,"San Francisco","Matthieu Hafemeister","","Ted Michaels",""
"Vendah",https://vendah.com.br/,Active,"S√£o Paulo, Brazil","Luis Felipe Franco","","Marcelo Canovas","","Ilana Nasser","","Pedro Pedruzzi",""
"Alaan",https://www.alaanpay.com/,Active,"Dubai, United Arab Emirates","Parthi Duraisamy","","Karun Kurien",""
"Doppler",https://doppler.com,Active,"San Francisco","Thomas Piccirello","","Brian Vallelunga",""
"Sola",https://www.sola-solutions.com/,Active,"San Francisco","Jessica Wu","","Neil Deshmukh",""
"Tailorr",https://,Active,"Haifa, Israel","Tal Feld","","Noam Hertz","","Ido Fishbain",""
"Extend",https://www.extend.app/,Active,"San Francisco","Kushal Byatnal","","Hari Anbarasu",""
"Healthtech 1",https://www.healthtech1.uk/,Active,"London, United Kingdom","Raj Kohli","","Peter Huang",""
"Littio",https://www.littio.co/,Active,"Bogot√°, Colombia","Luis Huertas","","Camilo Jimenez","","Ivan Torroledo","","Christian Knudsen",""
"9gag",http://9gag.com,Active,"Hong Kong, Hong Kong","Ray Chan","CEO","Derek Chan","Head of Engineer","Chris Chan","","Marco Fung","","Brian Yu",""
"Fabius",https://fabius.io,Active,"San Francisco","Neil Madsen","","Andy Day",""
"Parabolic",https://www.growparabolic.com/,Active,"San Francisco","Shub Viragi",""
"Y Combinator",https://www.ycombinator.com,Active,"Mountain View","Paul Graham","","Jessica Livingston","Partner"
"Shef",https://www.shef.com,Active,"San Francisco","Joey Grassia","CEO"
"Papa",https://www.papa.com,Active,"Miami, FL","Andrew Parker","CEO","Alfredo Vaamonde","COO"
"Wyvern AI",https://www.wyvern.ai/,Active,"San Francisco","Suchintan Singh","","Shuchang Zheng",""
"Nova Credit",http://www.novacredit.com/,Active,"San Francisco","Misha Esipov","CEO","Nicky Goulimis","COO"
"Aptible",https://www.aptible.com,Active,"San Francisco","Frank Macreery","CEO","Chas Ballew","Chairman"
"HER",http://weareher.com,Active,"San Francisco","Robyn Exton","CEO"
"Lattice",https://lattice.com,Active,"San Francisco","Jack Altman","CEO"
"Hegel AI",https://hegel-ai.com,Active,"San Francisco","Steven Krawczyk","","Kevin Tse",""
"Glade",https://www.gladetool.com,Active,"San Francisco","Daniel Fang","","Aaron Lee",""
"Pointhound",http://www.pointhound.com,Active,"San Francisco","Jay Reno","","Jake Malone",""
"Every, Inc.",https://every.io/,Active,"San Francisco","Rajeev Behera","","Barry Peterson",""
"Automat",https://www.runautomat.com/,Active,"San Francisco","Lucas Ochoa","","Gautam Bose",""
"Vooma",https://www.vooma.ai,Active,"San Francisco","Jesse Buckingham","","Mike Carter",""
"Treasury Prime",https://treasuryprime.com,Active,"San Francisco","Chris Dean","CEO"
"Flightfox",http://flightfox.com,Active,"Boulder, CO","Todd Sullivan","CEO"
"Let's Do This",https://www.letsdothis.com/,Active,"London, United Kingdom","Sam Browne","","Alex Rose",""
"Cleancard",https://www.cleancard.bio,Active,"San Francisco","Luca Springer","","Thomas Carroll",""
"Front",https://front.com,Active,"San Francisco","Mathilde Collin","CEO","Laurent Perrin","CTO"
"MediSearch",https://medisearch.io,Active,"London, United Kingdom","Eduard Oravkin","","Michal P√°ndy",""
"Vendora",https://www.vendora.io/,Active,"New York","Sunny Singh",""
"Curri",http://www.curri.com,Active,"Ventura, CA","Brian Gonzalez","","Matthew Lafferty",""
"Jasper.ai",https://jasper.ai,Active,"Austin, TX","Chris Hull","Vice President of Customer Success","JP Morgan","CTO","Dave Rogenmoser",""
"Faire",https://www.faire.com/,Active,"San Francisco","Max Rhodes","CEO","Daniele Perito","","Marcelo Cortes","CTO"
"Raz",https://www.tryraz.com,Active,"New York","Rob Haber","","Alex Luis",""
"Mattermost",http://mattermost.com,Active,"Palo Alto","Ian Tien","CEO"
"Pandan",https://,Active,"Redwood City, CA","Ihsaan Patel","","Edward Tiong",""
"RADAR",https://goradar.com,Active,"New York","Spencer Hewett","CEO"
"Egress",https://tryegress.com,Active,"San Francisco","Matthew Kiflu","","Alex Pedersen",""
"7cups",http://7cups.com,Active,"Virginia Beach, VA","Glen Moriarty",""
"Haven",https://www.yourhaven.app/,Active,"Austin, TX","Juan Burgos","","Satya Koppu","","Pranav Neyveli",""
"Sift",https://sift.com/,Active,"San Francisco","Jason Tan","Executive Chairman"
"Osium AI",https://osium.ai/,Active,"Paris, France","Sarah Najmark","","Luisa Bouneder",""
"Helion Energy",http://helionenergy.com,Active,"Everett, WA","David Kirtley","CEO","Chris Pihl","CTO"
"SensorSurf",https://www.sensorsurf.com,Active,"San Francisco","Alec Bell",""
"Anneal",https://anneal.ai/,Active,"San Francisco","Akash Kashyap","","Tyler Kahn",""
"Nectar",https://nectarclimate.com,Active,"New York","Allen Wang","","Katherine He",""
"REGENT",http://regentcraft.com,Active,"North Kingstown, RI","Billy Thalheimer","","Michael Klinker",""
"Moonvalley",https://moonvalley.ai,Active,"Toronto, Canada","Naeem Ahmed","","Vasil Damyanov","","John Thomas",""
"WalletKit",https://usewalletkit.com,Active,"New York","Tushar Soni","","Qinyu Tong",""
"Gluetrail",https://www.gluetrail.com,Active,"Paris, France","Anne-Charlotte Chauvet","","Baptiste Coquelle",""
"SunFarmer",http://sunfarmer.org,Active,"Kathmandu, Nepal","Andy Moon","CEO","Jason Gray",""
"Zentail",https://zentail.com,Active,"Columbia, MD","Dan Sugarman","CEO"
"Truepill",https://truepill.com/,Active,"San Mateo, CA","Umar Afridi","","Sid Viswanathan",""
"MTailor",http://mtailor.com,Active,"San Francisco","Miles Penn","CEO"
"Theya",https://www.theya.us/,Active,"San Francisco","Vikas Choudhary","","Smeet Bhatt","","Sriram Bhargav Karnati",""
"X-Zell",http://www.x-zell.com,Active,"Singapore, Singapore","Sebastian Punyaratabandhu Bhakdi","","Prapat Suriyaphol",""
"PoplarML",http://poplarml.com,Active,"San Francisco","Danna Liu","","Evan Chu",""
"Plate IQ",http://plateiq.com,Active,"New York","Bhavuk Kaul","CEO","Ram Jayaraman","CTO"
"Recurrency",http://www.recurrency.com,Active,"Los Angeles, CA","Sam Oshay",""
"iSono Health",http://www.isonohealth.com,Active,"San Francisco","iSono Saberi","CTO","Maryam Ziaei","|CEO"
"Coperniq",https://coperniq.io,Active,"San Francisco","Abdullah Al Zandani","","Max Kazakov",""
"Yummy",https://www.yummysuperapp.com/,Active,"Caracas, Venezuela","Vicente Zavarce",""
"222",https://222.place,Active,"Los Angeles, CA","Keyan Kazemian","","Danial Hashemi","","Arman Roshannai",""
"Paystack",https://www.paystack.com,Acquired,"Lagos, Nigeria","Shola Akinlade","CEO","Ezra Olubi","CTO"
"The Athletic",https://theathletic.com,Acquired,"San Francisco","Alex Mather","CEO","Adam Hansmann","COO"
"FightCamp",http://joinfightcamp.com,Active,"Newport Beach, CA","Khalil Zahar","CEO","Patrick Chandler","CMO","Alexandre Marcotte","CTO"
"Plutis",https://plutis.io,Active,"San Francisco","Kamil Ali","","Asim Hirji",""
"Hyperbound",https://hyperbound.ai,Active,"New York","Sriharsha Guduguntla","","Atul Raghunathan",""
"Fynt",https://www.fynt.ai/,Active,"San Francisco","Nick Gospodinov","","Aleksandar Bonin",""
"BackerKit",http://backerkit.com,Active,"San Francisco","Maxwell Salzberg","","Rosanna Yau",""
"Ruby Card",https://www.spendruby.com,Active,"New York","Shariar Kabir","","Miguel Acero","","Jordan Yaqoob",""
"Meesho",http://www.meesho.com,Active,"Bengaluru, India","Vidit Aatrey","CEO","Sanjeev Barnwal","CTO"
"Snackpass",https://snackpass.co,Active,"San Francisco","Kevin Tan","CEO","Jamie Marshall",""
"Submittable",https://www.submittable.com/,Active,"Missoula, MT","Michael FitzGerald","CEO","John Brownell","CTO / Developer","Bruce Tribbensee",""
"Jerry",https://getjerry.com,Active,"Palo Alto","Art Agrawal","CEO","Musawir Shah","CTO","Lina Zhang","Vice President Operations"
"Cercli",https://www.cercli.com,Active,"Dubai, United Arab Emirates","Akeed Azmi","","David Reche",""
"FleetWorks",https://fleetworks.ai,Active,"New York","Paul Singer","","Quang Tran",""
"Bitrise",https://bitrise.io,Active,"Budapest, Hungary","Barnabas Birmacher","CEO","Daniel Balla","","Viktor Benei","CTO"
"Finta",https://www.finta.com/,Active,"San Francisco","Andy Wang",""
"GiveMeTap",http://givemetap.com,Active,"London, United Kingdom","Edwin Broni-Mensah","The Water Guy"
"Traceloop",https://www.traceloop.com,Active,"Tel Aviv-Yafo, Israel","Nir Gazit","","Gal Kleinman",""
"Viddy",https://www.viddyapp.io/,Active,"New York","Harris Gani","","Nihar Patil",""
"Noya Software",https://noya.io,Active,"San Francisco","Devin Abbott","","David Chen",""
"Meru Health",http://www.meruhealth.com,Active,"San Mateo, CA","Kristian Ranta","CEO","Albert Nazander","CTO","Riku Lindholm","COO"
"Solve Intelligence",https://www.solveintelligence.com/,Active,"San Francisco","Chris Parsonson","","Angus Parsonson","","Sanj Ahilan",""
"Guac",https://www.tryguac.co/,Active,"San Francisco","Euro Wang","","Jack Solomon",""
"Povio",http://povio.com,Active,"San Francisco","Matevz Petek","CEO"
"Bear Flag Robotics",http://bearflagrobotics.com/,Acquired,"Newark, CA","Igino Cafiero","CEO","Aubrey Donnellan",""
"Solugen",https://solugen.com/,Active,"Houston, TX","Gaurab Chakrabarti","","Sean Hunt","CTO"
"Instabug",https://instabug.com,Active,"San Francisco","Omar Gabr","CEO","Moataz Soliman","CEO"
"Vetcove",https://www.vetcove.com,Active,"Miami, FL","Alexander Kates","CEO","Mitchell Kates","Tech"
"Unstatiq",https://,Active,"San Francisco","Sachin Jaishankar","","Nish Singaraju",""
"Isocode",https://www.isocode.com/,Active,"San Francisco","Ryan Chow","","Andrew Nedea",""
"Whatnot",https://www.whatnot.com,Active,"Los Angeles, CA","Grant LaFontaine","CEO","Logan Head",""
"Kalshi",https://www.kalshi.com,Active,"New York","Luana Lopes Lara","","Tarek Mansour",""
"OpenPipe",https://openpipe.ai/,Active,"San Francisco","Kyle Corbitt","","David Corbitt",""
"Markhor",http://markhor.com,Active,"San Francisco","Sidra Qasim","","Waqas Ali","co-CEO"
"PayMongo",https://paymongo.com,Active,"Taguig, Philippines","Francis Plaza","","Jaime Hing",""
"FAZZ",https://fazzfinancial.com/,Active,"Jakarta, Indonesia","Jefriyanto","","Hendra Kwik","Product Manager","Ricky Winata",""
"Double Robotics",https://doublerobotics.com,Active,"Burlingame, CA","David Cann","CEO","Marc DeVidts",""
"Telophase",https://telophase.dev,Active,"New York","Ethan Blackburn","","Danny Schofield",""
"Dream3D",https://dream3d.com,Active,"New York","Tony Francis","","Justin Woodbridge",""
"North",https://www.bynorth.com,Acquired,"Kitchener, Canada","Stephen Lake","CEO","Aaron Grant","","Matthew Bailey",""
"Cardinal",http://cardinalapp.io,Active,"Austin, TX","Wiz üëãüèª","","Mor Sela",""
"MagnaPlay",https://magnaplay.com,Active,"S√£o Paulo, Brazil","Pedro Esteves","","Paulo Rodrigues",""
"Proxy",https://proxy.com,Acquired,"San Francisco","Denis Mars","CEO","Simon Ratner","CTO"
"SRTX",https://www.srtxlabs.com/,Active,"Montreal, Canada","Katherine Homuth","CEO"
"Weebly",http://weebly.com,Acquired,"San Francisco","David Rusenko","CEO","Chris Fanini","CTO","Dan Veltri","CPO"
"Codeparrot",https://www.codeparrot.ai/,Active,"Bengaluru, India","Royal Jain","","Vedant Agarwala",""
"Deepgram",https://www.deepgram.com,Active,"San Francisco","Scott Stephenson","CEO"
"Hiro Systems",https://hiro.so,Active,"New York","Muneeb Ali",""
"Inari",https://useinari.com,Active,"New York","Frank Lee","","Eric Kim",""
"Pando Bioscience",https://,Active,"Boston","Will Cao","","Yang Wang",""
"Truewind",https://www.truewind.ai/,Active,"San Francisco","Alex Lee","","Tennison Chan",""
"Torch",https://torch.io/,Active,"San Francisco","Cameron Yarbrough","CEO","Keegan Walden","COO"
"Pelago",https://www.pelagohealth.com,Active,"New York","Yusuf Sherwani","CEO","Maroof Ahmed","","Sarim Siddiqui","Chief Medical Officer"
"Apollo.io",https://www.apollo.io/,Active,"San Francisco","Tim Zheng","CEO","Ray Li",""
"Vango AI",https://vango.ai/,Active,"Berkeley, CA","Eshaan Moorjani","","Rajen Dey",""
"OneSignal",https://onesignal.com,Active,"San Mateo, CA","George Deglin","CEO","Long Vo","COO"
"CrowdMed",http://www.crowdmed.com,Active,"San Francisco","Jared Heyman","CEO"
"SID",https://www.sid.ai,Active,"San Francisco","Maximilian-David Rumpf","","Lukas Ruflair","","Lotte Seifert","","Georgijs Vilums",""
"Arcimus",https://www.arcimus.com/,Active,"San Francisco","Hussein Syed","","Omar Dadabhoy",""
"May Mobility",http://maymobility.com,Active,"Ann Arbor, MI","Edwin Olson","CEO"
"AutoEmber",https://autoember.com,Active,"San Francisco","Ben Shumaker","","Izak Fritz",""
"Andromeda Surgical",http://www.andromedasurgical.com,Active,"San Francisco","Nick Damiano","","Kartik Tiwari",""
"ShortLoop",https://shortloop.dev/,Active,"Bengaluru, India","Vishnu Vinjam","","Deepak Thakur","","Sumit Mulchandani",""
"Ansa Biotechnologies",http://ansabio.com,Active,"Emeryville, CA","Dan Lin-Arlow","","Sebastian Palluk",""
"Human Interest",http://humaninterest.com,Active,"San Francisco","Roger Lee","CEO","Paul Sawaya","CTO"
"Scribd",http://scribd.com,Active,"San Francisco","Trip Adler","CEO","Tikhon Bernstam",""
"Paperplane",https://www.paperplane.ai/,Active,"New York","Daniel Kwak","","Jack Hopkins","","Ben Magolan",""
"Volley",https://volleythat.com,Active,"San Francisco","Max Child","CEO","James Wilsterman","CTO"
"OkCredit",https://www.okcredit.in,Active,"Bengaluru, India","Gaurav Kumar","","Harsh Pokharna","","Aditya Prasad",""
"Frubana Inc",https://www.frubana.com,Active,"S√£o Paulo, Brazil","Fabian Gomez Gutierrez",""
"Buxfer",https://www.buxfer.com,Active,"Santa Clara, CA","Shashank Pandit",""
"Texel.ai",https://texel.ai,Active,"Austin, TX","Rahul Sheth","","Eli Semory",""
"Dropbox",http://dropbox.com,Public,"San Francisco","Drew Houston","CEO","Arash Ferdowsi",""
"CodeStory",https://codestory.ai,Active,"London, United Kingdom","Sandeep Pani","","Naresh Ramesh",""
"Artie",https://www.artie.so/,Active,"San Francisco","Jacqueline Cheong","","Robin Tang",""
"Shred Video",https://shredvideo.com,Active,"San Francisco","Mike Allen","CEO","Mark Godfrey","CTO"
"Embark Trucks",http://embarktrucks.com,Public,"San Francisco","Alex Rodrigues","CEO","Brandon Moak","CTO"
"Segment",http://segment.com,Acquired,"San Francisco","Calvin French-Owen","","Ilya Volodarsky",""
"Eight Sleep",http://eightsleep.com,Active,"New York","Matteo Franceschetti","CEO","Massimo Andreasi Bassi","CTO","Alexandra Zatarain","CMO"
"Clear",https://clear.in/,Active,"Bengaluru, India","Archit Gupta","CEO","Srivatsan Chari","Head of Product","Ankit Solanki","CTO"
"DealPage",https://www.dealpage.ai/,Active,"New York","Ani Gottiparthy","","Andrew Luo",""
"Pair AI",https://www.pairai.com/,Active,"San Francisco","Parth Detroja","","Jason Goodison",""
"AssemblyAI",https://www.assemblyai.com,Active,"San Francisco","Dylan Fox",""
"Atri Labs",https://atrilabs.com,Active,"San Francisco","Darshita Chaturvedi","","Shyam Swaroop",""
"Vanta",https://vanta.com,Active,"San Francisco","Christina Cacioppo","CEO"
"Inventive AI",https://getinventive.ai/,Active,"Mountain View","Dhiren Bhatia","","Vishakh Hegde","","Gaurav Nemade",""
"Salt Security",https://salt.security/,Active,"Palo Alto","Roey Eliyahu","CEO"
"Byterat",https://www.byterat.io,Active,"San Francisco","Penelope Jones",""
"Sidenote",https://www.sidenote.ai,Active,"San Francisco","Jason Lin","","Scott Hickmann","","Schwinn Saereesitthipitak",""
"Glass Health",http://glass.health,Active,"San Francisco","Dereck Paul","CEO","Graham Ramsey",""
"Treinta",https://www.treinta.co,Active,"Bogot√°, Colombia","Lluis Canadell","","Man Hei Lou",""
"H1",https://www.h1.co/,Active,"New York","Ariel Katz","","Ian Sax",""
"Compound",https://withcompound.com/,Active,"San Francisco","Jordan Gonen","","Jacob Schein",""
"Unbabel",http://unbabel.com,Active,"San Francisco","Vasco Pedro","CEO","Jo√£o Gra√ßa","CTO","Bruno Prezado Silva","Lead Designer","Hugo Silva","Developer"
"Reach Labs",https://reachlabs.co/,Active,"Emeryville, CA","Christopher Davlantes",""
"Wallbit Pay",https://wallbit.io,Active,"Buenos Aires, Argentina","Rodrigo Vidal","","Braian Fritz","","Tomas Bruzza","","Martin Tito Gira",""
"Democracy Earth",http://democracy.earth/,Active,"Madrid, Spain","Pia Mancini","","Santiago Siri","President"
"Health Harbor",https://healthharbor.co/,Active,"San Francisco","Alan Liu","","Nathan Amin",""
"InnerSpace",http://helloinnerspace.org,Active,"San Francisco","Joe Greenstein","Zookeeper's Assistant","Semira Rahemtulla",""
"PlayHT",https://play.ht/,Active,"Mountain View","Hammad Syed","","Mahmoud felfel",""
"Agentive",https://www.goagentive.com,Active,"San Francisco","Daniel Alberson","","Vidyasagar Ranganaboina","","Kyle Saunders",""
"Storyboarder",https://storyboarder.com,Active,"San Francisco","Charles Forman","","Joe Watkins",""
"Coldreach",https://coldreach.ai/,Active,"San Francisco","Xiaohan Shen","","Hankel Bao",""
"Magic Loops",https://magicloops.dev,Active,"San Francisco","Adam Williams","","Mihai Bulic",""
"Langdock",https://langdock.com,Active,"Berlin, Germany","Lennard Schmidt","","Jonas Beisswenger","","Tobias Kemkes",""
"refine",https://refine.dev,Active,"Istanbul, Turkey","Civan Ozseyhan","","Eren Erkalkan","","Omer Aplak",""
"OctaveWealth",https://octavewealth.com,Active,"San Francisco","Rikin Shah","CEO"
"Go1",https://go1.com,Active,"San Francisco","Andrew Barnes","CEO","Chris Eigeland","","Chris Hood","CTO","Vu Tran",""
"1stCollab",https://1stcollab.com/,Active,"San Francisco","Leon Lin","","Carina Cater","","Varun Bansal","","Andrew Liu",""
"Corgea",https://www.corgea.com/,Active,"San Francisco","Ahmad Sadeddin",""
"Mth Sense",http://www.mthsense.com/,Active,"San Jose, CA","Mandar Agte","CEO","Mohan Balachandran",""
"Sails Co.",https://sailsjs.com/about,Active,"Austin, TX","Mike McNeil","CEO","Scott Gress","","Cody Stoltman",""
"Pakible",https://pakible.com,Active,"San Francisco","Nick Carson","CEO"
"Nanograb",https://nanograb.com,Active,"San Francisco","Debesh Mandal","","Christopher Lau","","Shanil Panara",""
"Cedalio",https://cedalio.com/,Active,"San Francisco","Luciana Reznik","","Guido Marucci Blas","","Nico Magni",""
"Gilgamesh Pharmaceuticals",https://www.gilgameshpharmaceutical.com,Active,"New York","JONATHAN SPORN","","Andrew Kruegel","","Dalibor Sames",""
"Invitris",https://invitris.com/,Active,"Munich, Germany","Patrick Grossmann","","Kilian Vogele",""
"Decoherence",https://decoherence.co,Active,"Seattle, WA","Rishi Bhuta","","Will Stith",""
"FlexDesk",https://www.flexdesk.com/,Active,"New York","Clark Jacobs","","Dhanvi Reddy",""
"DailyPe",https://DailyPe.in,Active,"Jaipur, India","Shashwat Shrikhande","","Saurabh Gupta",""
"ZeroDown",https://zerodown.com/,Active,"San Francisco","Abhijeet Dwivedi","","Laks Srini","CTO"
"Svbtle",https://svbtle.com,Active,"San Francisco","Dustin Curtis",""
"Flex",https://withflex.com/,Active,"San Francisco","Sam O'Keefe","","Miguel Toledo",""
"Newfront",https://www.newfront.com/,Active,"San Francisco","Spike Lipkin","CEO","Gordon Wintrob","CTO"
"Flaviar",https://flaviar.com,Active,"New York","Jugoslav Petkovic","CEO","Matija Rijavec","Magician, Taster & CTO","Grisa Soba",""
"Omnistrate",http://www.omnistrate.com,Active,"Redwood City, CA","Kamal Gupta","","Alok Nikhil",""
"99minutos",https://99minutos.com,Active,"Mexico City, Mexico","Alexis Patjane",""
"OpenSea",https://opensea.io,Active,"New York","Devin Finzer","CEO","Alex Atallah",""
"DevCycle",http://devcycle.com,Active,"Toronto, Canada","Andrew Norris","COO","Cobi Druxerman","CPO","Jonathan Norris","CTO"
"Fragment",https://checkfragment.com,Active,"Paris, France","Olivier Moindrot","","Guillaume Genthial",""
"Linum",https://www.linum.ai/,Active,"San Francisco","Sahil Chopra","","Manu Chopra",""
"Vitalize Care",https://vitalizecare.co,Active,"San Francisco","Veeraj Shah","","Nikhil D'Souza","","Sanketh Andhavarapu",""
"Decoda Health",https://decoda.health/,Active,"San Francisco","Daniyal Afzal","","Kevin Cheng",""
"Infinia",https://www.infiniaweb.com/,Active,"Montevideo, Uruguay","Ianai Urwicz","","Alejandro Rettig",""
"Zerocater",http://zerocater.com,Active,"San Francisco","Arram Sabeti","CEO"
"TrueNorth",http://www.truenorthfleet.com,Active,"San Francisco","Jin Stedge","","Sanjaya Wijeratne",""
"Inri",https://goinri.com,Active,"Mountain View","Hemant Kumar Gangolia","","Nishad Shah",""
"Meru",https://usemeru.com,Active,"San Francisco","Rohan Arora","","Venkat Krishnan",""
"Feanix Biotechnologies",https://www.feanixbio.com/,Active,"Davis, CA","Mitchell Angove","","Meia Alsup","","Tom Bishop",""
"Shoptiques",http://shoptiques.com,Active,"New York","Olga Vidisheva","CEO","Peter Delahunty","","Dan Morin","","Jeff Morin",""
"Endpoint Health",https://endpointhealth.com/,Active,"Palo Alto","Diego Rey","CSO","Jason Springs","","Leonardo Teixeira",""
"Helicone",https://www.helicone.ai/,Active,"San Francisco","Scott Nguyen","","Justin Torre",""
"Trigger.dev",https://trigger.dev,Active,"London, United Kingdom","Matt Aitken","","Eric Allam","","Dan Patel","","James Ritchie",""
"Docker",http://docker.com,Active,"San Francisco","Solomon Hykes","CEO"
"64x Bio",http://www.64xbio.com,Active,"San Francisco","Alexis Rovner",""
"Hona (formerly Milestones)",http://hona.com,Active,"American Fork, UT","Manny Griffiths","","Josh Christensen","","Matt McClellan",""
"moonrepo",https://moonrepo.dev,Active,"Portland, OR","Miles Johnson","","James Pozdena",""
"Tara AI",http://www.tara.ai,Active,"San Jose, CA","Iba Masood","CEO","Syed Ahmed","CTO"
"Index",https://index.inc,Active,"San Francisco","Simon Kubica","","Christian Iacullo",""
"Bodyport",http://bodyport.com,Active,"San Francisco","Corey Centen","CEO","Sarah Smith",""
"Outschool",http://outschool.com,Active,"San Francisco","Nicholas Grandy","","Amir Nathoo",""
"Letter AI",https://www.letter.ai,Active,"Chicago, IL","Ali Akhtar","","Armen Forget",""
"Inevitable Tech",http://www.ironox.com,Active,"San Carlos, CA","Brandon Alexander","CEO","Jonathan Binney","CTO"
"GradientJ",https://www.gradientj.com,Active,"Austin, TX","Oscar A. Martinez",""
"Modulari-T",https://modularit.bio,Active,"Montreal, Canada","David White","","Stephanie Mok",""
"Zeitview",https://www.zeitview.com/,Active,"Santa Monica, CA","Dan Burton",""
"Hyperlight",https://hyperlight.ai/,Active,"New York","Alec Xiang","","Jonathan Yin",""
"Common Paper",https://commonpaper.com/,Active,"Philadelphia, PA","Benjamin Garvey","","Jake Stein",""
"HackerRank",http://hackerrank.com,Active,"Mountain View","Vivek Ravisankar","CEO","Harishankaran",""
"Pyq AI",https://www.pyqai.com,Active,"Seattle, WA","Aman Raghuvanshi","","Emily Dorsey",""
"sudocode",https://sudocode.ai/&referrer=ycombinator.com,Active,"Mountain View","Randy Song","","Alex Ngai","","Tim Baker",""
"Shasta Health",https://www.shasta.health,Active,"San Francisco","Srinjoy Majumdar","","Pransu Dash",""
"Escape",https://escape.tech,Active,"Paris, France","Tristan Kalos","","Antoine Carossio",""
"BillionToOne",https://www.billiontoone.com,Active,"Menlo Park, CA","Oguzhan Atay","","David Tsao","CTO"
"Martin",https://www.trymartin.com/,Active,"Sunnyvale, CA","Dawson Chen","","Harsh Deep","","Arjun Dixit",""
"Flutterwave",https://flutterwave.com,Active,"Lagos, Nigeria","Adeleke Adekoya","","Olugbenga GB Agboola",""
"Rollstack",https://www.rollstack.com,Active,"New York","Nabil Jallouli","","Saad Bahir","","Younes Jallouli",""
"teaBOT",http://teaBOT.com,Active,"Toronto, Canada","Rehman Merali",""
"Hyperpad",http://www.hyperpad.com,Active,"London, Canada","Murtaza Saadat","CEO","Hamed Saadat",""
"Lucira Health",https://www.lucirahealth.com/,Public,"Emeryville, CA","Debkishore Mitra",""
"Quill AI",https://quillai.com,Active,"New York","Gabriel Banks","","Kartik Donepudi",""
"Observe.AI",https://observe.ai,Active,"San Francisco","Swapnil Jain","CEO","Sharath Keshava Narayana","","Akash Singh",""
"PickTrace",http://picktrace.com/company,Active,"Los Angeles, CA","Harrison Steed","Labor Management, Harvest Management, & Traceability","Austin Steed",""
"Blue Frog Gaming",http://bluefroggaming.com,Active,"Akron, OH","Matt Maroon","Owner"
"Permutive",https://permutive.com,Active,"London, United Kingdom","Joe Root","","Tim Spratt",""
"STARK BANK",https://starkbank.com,Active,"S√£o Paulo, Brazil","Rafael Stark",""
"Webflow",https://webflow.com,Active,"San Francisco","Bryant Chou","CTO","Sergie Magdalin","CPO","Vlad Magdalin",""
"Yassir",https://yassir.com,Active,"Algeria","Noureddine Tayebi","","el mahdi Yettou",""
"Monzo Bank",http://www.monzo.com,Active,"London, United Kingdom","Tom Blomfield","CEO","Jonas Templestein","CTO"
"Athelas",http://athelas.com,Active,"Mountain View","Deepika Bodapati","","Tanay Tandon",""
"GBatteries",https://www.gbatteries.com,Active,"Ottawa, Canada","Nick Sherstyuk","","Tim Sherstyuk","CCO"
"Nomba",https://nomba.com,Active,"Lagos, Nigeria","Yinka Adewale","CEO","Pelumi Aboluwarin","CTO"
"Theorem",http://theoremlp.com,Active,"San Francisco","Abeer Agrawal","CTO","Hugh Edmundson","Managing Partner"
"Asher Bio",https://www.asherbio.com/,Active,"San Carlos, CA","Ivana Djuretic","","Andy Yeung",""
"Wink Health",http://winkhealth.com,Active,"San Francisco","Darwin Lo","","Chris Turitzin",""
"Duffel",https://duffel.com/,Active,"London, United Kingdom","Steve Domin",""
"Teclada",https://www.teclada.com/,Active,"Sunnyvale, CA","David Fiala",""
"Fountain",http://fountain.com,Active,"San Francisco","Keith Ryu","CEO"
"Fintool",https://www.fintool.com/,Active,"San Francisco","Nicolas Bustamante","","Edouard Godfrey",""
"RevenueCat",https://www.revenuecat.com/,Active,"San Francisco","Miguel Carranza","","Jacob Eiting",""
"VaultPay",https://vaultpay.io,Active,"Kinshasa, Congo (Dem. Rep.)","Ntambwa Basambombo","","Christel Ilaka",""
"Nowports",https://nowports.com/,Active,"Monterrey, Mexico","Alfonso de los Rios Villarreal","CEO","Maximiliano Casal",""
"Clad",https://withclad.com/,Active,"New York","Jason Rudin",""
"DAGWorks Inc.",https://www.dagworks.io/,Active,"San Francisco","Stefan Krawczyk","","Elijah ben Izzy",""
"Flint",http://flintk12.com/,Active,"San Francisco","Sohan Choudhury","","Jinseo Park",""
"Tovala",http://www.tovala.com,Active,"Chicago, IL","David Rabie","CEO","Bryan Wilcox","CTO"
"Chaldal",http://chaldal.com,Active,"Dhaka, Bangladesh","Waseem Alim","CEO","Zia Ashraf","","Tejas Viswanath","CTO"
"Flytenow",http://flytenow.com,Active,"San Francisco","Alan Guichard","CFO","Aakash Patel","CTO"
"Gemnote",http://gemnote.com,Active,"San Leandro, CA","Ashley Wong","CEO"
"Berilium",https://berilium.com/,Active,"Los Angeles, CA","Dominic Spinozzi","","Alberto Guillen","","Cedric Priscal",""
"Curebase",http://www.curebase.com,Active,"San Francisco","Tom Lemberg",""
"Humanlike",https://humanlike.app/,Active,"San Francisco","Andy Qin","","Vashisht Madhavan",""
"Cerelyze",https://cerelyze.com,Active,"New York","Sarang Zambare",""
"Chatfuel",http://chatfuel.com,Active,"San Francisco","Dmitrii Dumik","CEO","Artem Ptashnik",""
"Bluebirds",https://www.bluebirds.ai,Active,"San Francisco","Rohan Punamia","","Kunal Punera",""
"AgileMD",https://agilemd.com,Active,"San Francisco","Borna Safabakhsh","CEO"
"MBX",http://us.memebox.com,Active,"San Francisco","Hyungseok (Dino) Ha","CEO"
"Replika",https://replika.ai/,Active,"San Francisco","Eugenia Kuyda","CEO"
"54Gene",http://www.54gene.com,Active,"Lagos, Nigeria","Abasi Ene-Obong",""
"Assembly",https://assembly.com/,Active,"Redwood City, CA","Jonathan Friedman","CEO"
"Zip",https://ziphq.com/,Active,"San Francisco","Rujul Zaparde","","Lu Cheng",""
"SafetyKit",https://www.safetykit.com/,Active,"San Francisco","David Graunke","","Steven Guichard","","Alex Rosenblatt",""
"Jeeves",http://www.tryjeeves.com,Active,"Miami, FL","Dileep Thazhmon",""
"Metoro",https://metoro.io,Active,"San Francisco","Chris Battarbee","","Tom Pointon",""
"Legacy",https://www.givelegacy.com,Active,"Cambridge, MA","Khaled Kteily","","Sarah Steinle",""
"MetricWire",http://metricwire.com,Active,"Kitchener, Canada","Brian Stewart","CEO","Charles Desouza","CTO"
"Scentbird",https://www.scentbird.com,Active,"New York","Mariya Nurislamova","","Andrei Rebrov","CTO"
"Psychic",https://www.psychic.dev,Active,"San Francisco","Jason Fan","","Ayan Bandyopadhyay",""
"Latent",https://latenthealth.com,Active,"San Francisco","Rishabh Jain","","Sri Somasundaram",""
"Rivet",https://rivet.gg,Active,"San Francisco","Nicholas Kissel","","Nathaniel Flurry",""
"Confident Cannabis",http://confidentcannabis.com,Active,"Palo Alto","Steve Albarran","CEO","Miller Aaron","Lead Engineer"
"Capi Money",https://www.capimoney.com,Active,"London, United Kingdom","Mitch Riley","","Scott Liddle","","Tom Watson",""
"Studdy",https://www.studdy.ai/,Active,"San Francisco","Michael Lam","","Alex Lanzoni",""
"Palomma",http://www.palomma.com/,Active,"Medell√≠n, Colombia","Cipriano Echavarria","","Nicolas Gomez del Campo","","Felipe Monsalve",""
"Interlock",https://www.tryinterlock.com/,Active,"San Jose, CA","Kamil Kisielewicz","","Shivansh Rustagi",""
"Career Karma",https://careerkarma.com/,Active,"San Francisco","Ruben A. Harris","","Artur Meyster","","Timur Meyster",""
"Ridecell",https://www.ridecell.com,Active,"San Francisco","Aarjav Trivedi","CEO"
"Koala Ops",https://koalaops.com/,Active,"Tel Aviv-Yafo, Israel","Nadav Erell",""
"SimplyInsured",http://simplyinsured.com,Active,"San Francisco","Vivek Shah",""
"Neptyne",https://neptyne.com,Active,"New York","Douwe Osinga","","Jack Amadeo",""
"Defog.ai",https://defog.ai,Active,"Singapore, Singapore","Rishabh Srivastava","","Medha Basu",""
"OpenMeter",https://openmeter.io,Active,"Budapest, Hungary","Peter Marton","","Andras Toth",""
"Respaid",https://www.respaid.com,Active,"San Francisco","John Banner",""
"Per Vices",https://www.pervices.com,Active,"Toronto, Canada","Victor Wollesen","","Brandon Malatest","COO"
"Long Term Stock Exchange",http://ltse.com,Active,"San Francisco","Eric Ries","CEO","John Bautista",""
"MessageBird",http://messagebird.com,Active,"Amsterdam, Netherlands","Robert Vis","CEO","Bob Violier","CTO","Joey van Ommen","Head of Product & Partner"
"Giga ML",https://gigaml.com/,Active,"San Francisco","Varun Vummadi","","Esha Manideep Dinne",""
"CareRev",https://www.carerev.com,Active,"Remote, OR","William Patterson","CEO","Sofia Pessanha","COO"
"VergeSense",http://www.vergesense.com,Active,"San Francisco","Dan Ryan","CEO","Kelby Green",""
"Avo",https://www.avonow.com/,Active,"Tel Aviv-Yafo, Israel","Dekel Valtzer","CEO","Nir Smadar","CTO","Idan Hershko",""
"Memora Health",https://memorahealth.com,Active,"San Francisco","Manav Sevak","CEO","Nisarg Patel","CPO","Kunaal Naik","CTO"
"Eden Care",https://www.edencaremedical.com/,Active,"Nairobi, Kenya","Moses Mukundi",""
"Gloo",https://www.trygloo.com/,Active,"Seattle, WA","Vaibhav Gupta","","Aaron Villalpando Gonzalez",""
"Dagger",https://dagger.io,Active,"San Francisco","Sam Alba","","Solomon Hykes","","Andrea Luzzardi",""
"Latentspace",https://latentspace.dev,Active,"London, United Kingdom","Qasim Munye","","Mariam Ahmed",""
"Odeko",http://www.odeko.com,Active,"New York","Tim Griffin","","James Burkhardt",""
"Ninite",http://ninite.com,Active,"San Francisco","Sascha Kuzins","","Patrick Swieskowski",""
"Opentrons",http://opentrons.com,Active,"New York","Will Canine","CPO"
"AtoB",https://atob.com/,Active,"San Francisco","Harshita Arora","","Vignan Velivela",""
"CleverDeck",http://cleverdeck.com,Active,"Istanbul, Turkey","Justin Cannon",""
"Stralis Aircraft",https://stralis.aero/,Active,"Brisbane, Australia","Bob Criner","","Stuart Johnstone",""
"Intelliga Voice",https://www.intelligavoice.com,Active,"San Francisco","Isaiah Granet","","Sobhan Nejad",""
"Honeydew",https://honeydew.ai,Active,"Tel Aviv-Yafo, Israel","David Krakov","","Baruch Oxman","","Liron Slonimsky-Shemy",""
"Aglide",https://aglide.com,Active,"London, United Kingdom","Patrick D. McGuckian","","Oliver Colebourne",""
"MixerBox",http://mixerbox.com,Active,"Palo Alto","John Lai","CEO"
"CoreOS",http://coreos.com,Acquired,"San Francisco","Alex Polvi","CEO"
"Clipboard Health",https://culture.clipboardhealth.com/,Active,"San Francisco","Wei Deng","CEO"
"ShipBob",http://shipbob.com,Active,"Chicago, IL","Divey Gulati","","Dhruv Saxena",""
"Boom",https://boomsupersonic.com/,Active,"Centennial, CO","Blake Scholl","CEO"
"Outset",https://outset.ai/,Active,"San Francisco","Aaron Cannon","","Michael Hess",""
"Doctor Droid",https://drdroid.io/,Active,"San Francisco","Siddarth Jain","","Dipesh Mittal",""
"Obento Health",https://www.obentohealth.com,Active,"San Francisco","Naxin Wang","","Rodrigo Gutierrez",""
"Daily",https://daily.co,Active,"San Francisco","Kwindla Hultman Kramer",""
"Serra",https://www.serra.io/,Active,"San Francisco","Alan Wang","","Albert Stanley",""
"Heroku",http://heroku.com,Acquired,"San Francisco","Orion Henry","","James Lindenbaum","","Adam Wiggins","CTO"
"Contour",https://trycontour.com,Active,"San Francisco","Arvind Subramanian","","Vamsi Saladi",""
"Terminal",https://www.withterminal.com/,Active,"Toronto, Canada","Raghav Midha","","Connor Giles",""
"Tempo Labs",https://www.tempolabs.ai/,Active,"Toronto, Canada","Kevin Michael","","Peter Gokhshteyn",""
"Anarchy",https://anarchy.ai,Active,"Z√ºrich, Switzerland","Matthew Mirman",""
"Vouch",http://vouch.us,Active,"San Francisco","Sam Hodges","CEO"
"Immunity Project",http://immunityproject.org,Active,"San Francisco","Reid Rubsamen","CEO"
"treble.ai",https://treble.ai,Active,"S√£o Paulo, Brazil","Wilson Daniel Martinez","","Felipe Ot√°lora","","Sebasti√°n Valencia",""
"Slicker",https://www.slickerhq.com,Active,"London, United Kingdom","Dani Penev","","Ivan Valkov",""
"Mano AI",https://www.usemano.com/,Active,"New York","Nicolas Raga","","Omar Mihilmy",""
"Homeflow",https://www.homeflow.me/,Active,"Dallas, TX","Perry Ha",""
"askLio",https://www.asklio.ai,Active,"San Francisco","Vladi Keil","","Lukas Heinzmann","","Till Wagner",""
"dili",https://diliai.com,Active,"New York","Stephanie Song","","Brian Fernandez","","Anand Chaturvedi",""
"Craftwork",https://craftwork.com/,Active,"Charlotte, NC","Tim Griffin","CEO","Suzanne Griffin","","Mike Bifulco","","Joey Skavroneck",""
"Shoobs",http://shoobs.com,Active,"London, United Kingdom","Louise Broni-Mensah",""
"Linc.",https://www.linc-ai.com/,Active,"San Francisco","Rahul Prakash","","Shrey Sambhwani","","harshavardhan srijay",""
"Gem",https://www.gem.com/,Active,"San Francisco","Steven Bartel","CEO","Nick Bushak",""
"Zeplin",https://zeplin.io,Active,"San Francisco","Pelin Kenez","CEO","Ismail Ceylan","Software Developer","Merih Akar","Developer","Berk √áebi",""
"rift",https://getrift.com,Active,"San Francisco","Fil Twarowski","","Edvard Eriksson",""
"BukuWarung",http://bukuwarung.com/app,Active,"Jakarta, Indonesia","Abhinay Peddisetty","","Chinmay Chauhan",""
"Baserun",https://baserun.ai,Active,"San Francisco","Effy Zhang","","Adam Ginzberg",""
"inBuild",https://www.inbuild.ai/,Active,"Wilmington, DE","Ty Sharp","","Ian Sharp",""
"Landed",http://www.landed.com,Active,"San Francisco","Jonathan Asmis","","Alex Lofton",""
"Optimizely",http://optimizely.com,Acquired,"San Francisco","Pete Koomen",""
"Continue",https://continue.dev,Active,"San Francisco","Ty Dunn","","Nate Sesti",""
"Neum AI",https://neum.ai,Active,"Seattle, WA","David de Matheu","","Kevin Cohen",""
"kapa.ai",https://www.kapa.ai/,Active,"Copenhagen, Denmark","Emil Soerensen","","Finn Bauer",""
"Converge",http://www.runconverge.com,Active,"San Francisco","Jan-Henrik Lambrechts","","Thomas Holvoet","","Jerome Billiet",""
"Heap",https://heap.io/,Active,"San Francisco","Matin Movassate","CEO"
"Asseta",http://www.asseta.com,Active,"Newport Beach, CA","Garrett Beck",""
"Frigade",https://frigade.com,Active,"San Francisco","Eric Brownrout","","Christian Mathiesen",""
"Cratejoy",http://cratejoy.com,Active,"Austin, TX","Amir Elaguizy","CEO","Alex Morse",""
"UpKeep",https://www.upkeep.com/,Active,"Los Angeles, CA","Ryan Chan","CEO"
"Culdesac",http://culdesac.com,Active,"Tempe, AZ","Jeff Berens","","Ryan Johnson",""
"OpenInvest",http://www.openinvest.com,Acquired,"San Francisco","Conor Murray","CEO","Phillip Wei","CTO"
"Etleap",https://etleap.com,Active,"San Francisco","Christian Romming","CEO"
"Cardinal Gray",https://www.cardinalgray.com/,Active,"San Francisco","Jack Chapman","","Muhammad Khattak","","Grant Pease",""
"Axoni",https://axoni.com,Active,"New York","Greg Schvey","CEO","Jeffrey Schvey","CTO"
"Shekel Mobility",https://www.shekelmobility.com/,Active,"Lagos, Nigeria","Benjamen Oladokun","","Valentine Mayaki","","Sanmi Olukanmi",""
"Atlas",https://atlascard.com/,Active,"San Francisco","Patrick Mrozowski","","Kenan Pulak","","Sid Parihar",""
"Balance",https://www.getbalance.com,Active,"San Francisco","Bar Geron","","Yoni Shuster",""
"Transcriptic",http://transcriptic.com,Active,"Menlo Park, CA","Max Hodak","CEO"
"Karbon Card",https://www.karboncard.com/,Active,"Bengaluru, India","Pei-fu Hsieh","","Jack Chen","","Sunil Kumar","","Amit Jangir","","Bo Li",""
"Waza",https://waza.co/,Active,"Lagos, Nigeria","Maxwell Obi","","Emmanuel Igbodudu",""
"Vaero",https://vaero.co,Active,"San Francisco","Bryant Lee","","Earl Hathaway",""
"Pine Park Health",http://pineparkhealth.com,Active,"Oakland, CA","George Khasin",""
"GiveCampus",http://go.givecampus.com,Active,"Washington, DC","Kestrel Linder","CEO","Michael Kong","CTO"
"Watto AI",https://www.watto.ai,Active,"San Francisco","Rishabh Panwar","","Ishita Bhandari","","Suryansh Soni",""
"Shogun",https://getshogun.com/,Active,"San Carlos, CA","Finbarr Taylor","CEO","Nick Raushenbush",""
"Sendwave",https://www.sendwave.com,Acquired,"Boston","Drew Durbin","CEO","Lincoln Quirk",""
"Matano",https://www.matano.dev,Active,"Seattle, WA","Samrose Ahmed","","Shaeq Ahmed",""
"Nebula",https://www.trynebula.com/,Active,"San Francisco","Shanelle Roman","","Vishnu Menon",""
"FlexWash",https://www.flexwashtech.com/,Active,"Temecula, CA","Karan Toor","","Chirag Toor",""
"Pushbullet",https://www.pushbullet.com,Active,"San Francisco","Ryan Oldenburg","CEO","Christopher Hesse","","Andre von Houck",""
"UserGems",https://www.usergems.com,Active,"Austria","Christian Kletzl","","Stephan Kletzl",""
"Panorama Education",https://www.panoramaed.com/,Active,"Boston","Aaron Feuer","CEO"
"Qventus",http://qventus.com,Active,"San Francisco","Mudit Garg","CEO","Ian Christopher",""
"Zenflow",http://zenflow.com,Active,"South San Francisco, CA","Shreya Mehta","CTO"
"clicOH",http://clicoh.com/,Active,"Buenos Aires, Argentina","Agustin Novillo Saravia","","Emiliano Segura","","Juan Martin Altamirano",""
"Members.Land",https://members.land/,Active,"Palo Alto","Leo Lu","","Mark Ding","","Sam Ding",""
"Moxion Power Co.",https://www.moxionpower.com/,Active,"Richmond, CA","Paul Huelskamp","","Alexander Meek",""
"Docsum",https://www.docsum.ai/,Active,"San Francisco","Shaunak Turaga","","Alex Leonov",""
"Oklo",http://oklo.com,Active,"Santa Clara, CA","Jacob DeWitte","CEO","Caroline Cochran",""
"Pachama",http://pachama.com,Active,"San Francisco","Diego Saez Gil","","Tomas Aftalion",""
"Lively, Inc.",https://livelyme.com,Active,"San Francisco","Alex Cyriac","CEO","Shobin Uralil","COO"
"Bitmovin",http://bitmovin.com,Active,"San Francisco","Stefan Lederer","CEO","Christian Timmerer","CIO","Christopher Mueller","CTO"
"Makrwatch",https://www.makrwatch.com,Active,"New York","Andres Felipe Diaz","CEO","Carlos Saavedra",""
"Akido Labs",http://akidolabs.com,Active,"Los Angeles, CA","Jared Goodner","","Prashant Samant",""
"Moonshot Brands",http://moonshotbrands.com,Active,"Miami, FL","CJ Isakow","","Allan (Amnon) Fisch",""
"Ariglad",https://www.ariglad.com/,Active,"Vancouver, Canada","Sophie Wyne","","Ali Avci",""
"Fly.io",https://fly.io,Active,"Chicago, IL","Michael Dwan","","Jerome Gravel-Niquet","","Kurt Mackey","","Thomas Ptacek",""
"Ambient.ai",https://ambient.ai,Active,"San Jose, CA","Shikhar Shrestha","CEO","Vikesh Khanna",""
"CareMessage",http://caremessage.org,Active,"San Francisco","Vineet Singal","CEO","Cecilia Corral","Vice President of Product"
"Double",https://usedouble.com,Active,"Redwood City, CA","Wesley Yue","","Gonzalo Espinoza Graham",""
"NURX",https://www.nurx.com/,Acquired,"New York","Edvard Engesaeth",""
"Glaze",https://www.shopglaze.com/,Active,"San Francisco","Maggie Zhang","","Savannah Liu","","Pearl Li",""
"Helios Climate Industries",http://www.heliosclimate.io,Active,"San Francisco","Jeremy Osborne","","Chris Mui","","Shreyas Sudhakar",""
"ReadMe",http://readme.com,Active,"San Francisco","Gregory Koberger",""
"Zidisha",https://www.zidisha.org,Active,"Sterling, VA","Julia Kurnia","Director"
"Dabble",https://dabble.so,Active,"Toronto, Canada","Neil Mathew","CEO","Yan Ma","The Science Guy","Prasenjit Mukherjee",""
"Instacart",https://www.instacart.com,Public,"San Francisco","Apoorva Mehta","Chairman & Founding CEO","Brandon Leonardo","","Max Mullen",""
"Subsets",https://www.subsets.com,Active,"Copenhagen, Denmark","Martin Johnsen","","Matias Ebbesen","","Oliver Brandt","","Nikolai Skelbo",""
"Revamp",https://www.getrevamp.ai,Active,"San Francisco","Amin Akhtar","","Stephen Campbell",""
"Scale AI",http://scale.com,Active,"San Francisco","Alexandr Wang","CEO"
"HyLight",https://www.hylight.aero/,Active,"Paris, France","Thomas Laporte","","Th√©o Hoenen","","Martin Bocken","","Josef Rokusek",""
"Remy Security",https://www.remysec.com/,Active,"San Francisco","Sten Sj√∂berg","","Kevin Kim",""
"Soomgo",https://soomgo.com,Active,"Seoul, South Korea","Robin Kim","CEO"
"Keep",https://www.keephq.dev,Active,"Tel Aviv-Yafo, Israel","Tal Borenstein","","Shahar Glazner",""
"Proglix",https://proglix.com/,Active,"Jakarta, Indonesia","Wynn Wijaya","","Wendy Wijaya","","Prawira Indrawan",""
"Clever",https://clever.com,Acquired,"San Francisco","Tyler Bosmeny","CEO","Dan Carroll","CPO","Rafael Garcia","CTO"
"Ajaib",https://www.ajaib.co.id/,Active,"Jakarta, Indonesia","Anderson Sumarli","","Yada Piyajomkwan",""
"CandorIQ",https://www.candoriq.com/,Active,"San Francisco","Haris Ikram","","Sutthipong Thavisomboon",""
"Noora Health",http://noorahealth.org,Active,"Bengaluru, India","Edith Elliott","CEO"
"Tesorio",https://www.tesorio.com,Active,"San Francisco","Carlos Vega","CEO","Fabio Fleitas",""
"Mux",http://mux.com,Active,"San Francisco","Jon Dahl","CEO","Adam Brown","","Steve Heffernan","Head of Product","Matthew McClure",""
"Backpack",http://backpackbang.com,Active,"San Francisco","Fahim Aziz","CEOM"
"Ohmic Biosciences",https://ohmicbiosciences.com/,Active,"Alameda, CA","PJ Steiner","","Matthew Bedewitz",""
"Coinbase",https://www.coinbase.com,Public,"San Francisco","Brian Armstrong","CEO"
"Constructable",https://www.constructable.app/,Active,"Santa Barbara, CA","Emma Nazim","","Molly Abbott","","John Yoder",""
"Petcube",http://petcube.com,Active,"San Francisco","Yaroslav Azhnyuk","CEO","Alex (Sasha) Neskin","CTO","Andrey Klen","Chief Design Officer"
"Unhaze",https://unhaze.ai,Active,"Copenhagen, Denmark","Jacob Lauritzen",""
"Smobi",https://smobi.com/,Active,"New York","Kunal Puri","","Michael Ning",""
"Lever",https://www.lever.co/,Acquired,"San Francisco","Sarah Nahm","CEO","Nate Smith","CEO/CTO","Brian Noguchi",""
"Wild Moose",https://wildmoose.ai,Active,"San Francisco","Yasmin Dunsky","","Roei Schuster","","Tom Tytunovich",""
"RecipeUI",https://recipeui.com,Active,"New York","Jeane Carlos","","Samuel San",""
"DrChrono",https://www.drchrono.com,Acquired,"CA","Michael Nusimow","CEO","Daniel Kivatinos","COO"
"BuildZoom",https://www.buildzoom.com,Active,"San Francisco","David Petersen","CEO","Jiyan Wei",""
"HelloSign",https://www.hellosign.com,Acquired,"San Francisco","Neal O'Mara","CTO"
"Forfeit",https://www.forfeit.app/,Active,"Manchester, United Kingdom","Josh Mitchell","","Eddie Raven",""
"SOUNDBOKS",http://soundboks.com,Active,"Copenhagen, Denmark","Jesper Theil Thomsen","CEO","Christoffer Nyvold","COO"
"Axflow",https://axflow.dev,Active,"San Francisco","Nicholas Charriere","","Ben Reinhart",""
"Gather",https://www.gather.town/,Active,"San Francisco","Kumail Jaffer","","Phillip Wang",""
"Priime",https://priime.com,Active,"San Francisco","Arthur Chang","CEO","Andrew Ng","","Joe Pestro",""
"Convictional",https://convictional.com,Active,"Toronto, Canada","Roger Kirkness","","Chris Grouchy",""
"Meadow",https://getmeadow.com,Active,"San Francisco","David Hua","CEO","Rick Harrison","CTO","Scott A Garman","","Harrison Lee","Designer, Developer"
"Sendbird",https://sendbird.com,Active,"San Mateo, CA","John S. Kim","CEO","Brandon Jeon","Head of Trust and Safety","Harry Kim","CTO"
"Onboard AI",https://www.getonboard.dev,Active,"San Francisco","Soohoon Choi","","Daksh Gupta","","Vaishant Kameswaran",""
"Feather",https://try-feather.com,Active,"New York","Ash Rai","","Patrick Higgins",""
"FamPay",https://fampay.in,Active,"Bengaluru, India","Sambhav Jain","","Kush Taneja",""
"Affinity",https://itsaffinity.com,Active,"New York","Faraz Rana","","Peter Greczner",""
"Resolve",https://www.resolvebim.com,Active,"New York","Angel Alonso Say","CEO","Russell Varriale",""
"Nuvocargo",http://www.nuvocargo.com,Active,"Mexico City, Mexico","Deepak Chhugani","CEO"
"Watsi",https://watsi.org,Active,"San Francisco","Jesse Cooke",""
"Syncly",https://syncly.app/,Active,"Boston","Joseph Lee","","Jongsoo Keum","","Kwan Yoon",""
"Envelope",https://envelopemoney.com/,Active,"San Francisco","Katelyn Strobel","","Josh Cockrell Strobel",""
"Houm",https://houm.com,Active,"Santiago, Chile","Benjam√≠n Labra","","Nicolas Knockaert",""
"Mason",http://www.bymason.com,Active,"Seattle, WA","Jim Xiao","President"
"Dealyze",http://dealyze.com,Active,"San Francisco","William Baron","CEO"
"Cashfree Payments",https://www.cashfree.com/,Active,"Bengaluru, India","Reeju Datta","","Akash Sinha",""
"Benchling",http://benchling.com,Active,"San Francisco","Sajith Wickramasekara","CEO"
"Dioxus Labs",https://dioxuslabs.com,Active,"San Francisco","Jonathan Kelley",""
"Mirio",https://www.trymirio.com/,Active,"New York","David Correa Orozco","","Eric Li",""
"Tremor",https://platform.tremor.so,Active,"Z√ºrich, Switzerland","Severin Landolt","","Christopher Kindl",""
"Fondeadora",https://fondeadora.com/,Active,"Mexico City, Mexico","Norman M√ºller","","Rene Serrano",""
"Rutter",https://rutterapi.com,Active,"San Francisco","Eric Yu","","Peter Zhou",""
"Milio",http://www.miliopay.com,Active,"Bogot√°, Colombia","Toni Riera","","Juan Luis Perez E","","Daniel Gomez",""
"Eclipse Foods",http://www.eclipsefoods.com,Active,"Oakland, CA","Aylon Steinhart","","Thomas Elliott Bowman",""
"Substack",https://substack.com,Active,"San Francisco","Chris Best","CEO","Hamish McKenzie","COO","Jairaj Sethi",""
"Flair Health",https://www.flairhealth.com,Active,"San Francisco","Diva Sharma","","Shobha Dasari",""
"Reliance Health",https://www.getreliancehealth.com,Active,"Lagos, Nigeria","Femi Kuti","CEO","Matthew Mayaki","Senior Vice President Product","Opeyemi Olumekun","COO"
"BidSight",https://bidsight.io/,Active,"New York","Alec Dunn","","Connor Janson","","Josh Kerber",""
"Greentoe",http://greentoe.com,Active,"New York","Andrew Kurland","CTO"
"Estimote, Inc.",http://estimote.com,Active,"Krak√≥w, Poland","Jakub Krzych","CEO","Lukasz Kostka","CTO"
"One Month",http://onemonth.com,Active,"New York","Chris Castiglione",""
"Fastgen",https://fastgen.com,Active,"New York","Mike Mahlkow","","David Nordhausen","","Constantin Schreiber",""
"Hightouch",https://hightouch.com/,Active,"San Francisco","Kashish Gupta","","Tejas Manohar","","Joshua Curl",""
"Zepto",https://www.zeptonow.com/,Active,"Mumbai, India","Aadit Palicha","","Kaivalya Vohra",""
"FiddleCube",https://fiddlecube.ai/,Active,"San Francisco","Neha Nupoor","","Kaushik Srinivasan",""
"Wave",https://wave.com,Active,"Dakar, Senegal","Drew Durbin","CEO","Lincoln Quirk","CPO"
"Taylor AI",https://trytaylor.ai,Active,"San Francisco","Brian Kim","","Benjamin Anderson",""
"Teleport",https://goteleport.com,Active,"Oakland, CA","Ev Kontsevoy","CEO","Alexander Klizhentas","CTO","Taylor Wakefield","COO"
"Persana AI",https://www.persana.ai/,Active,"San Francisco","Sriya Maram","","Rush Shahani",""
"SFOX",http://sfox.com,Active,"Los Angeles, CA","George Melika","CTO","Akbar Thobhani",""
"One Degree",http://1degree.org,Active,"San Francisco","Rey Faustino","CEO"
"Kovi",https://www.kovi.com.br,Active,"S√£o Paulo, Brazil","ADHEMAR MILANI NETO",""
"Magicflow êÇÇ",https://magicflow.ai,Active,"Tel Aviv-Yafo, Israel","Yarden Shem Tov","","Yotam Hamiel",""
"GoodCourse",https://www.goodcourse.co,Active,"London, United Kingdom","Chris Mansfield","","Omar Mughal",""
"Mirrorful",https://www.mirrorful.com/,Active,"San Francisco","Alex Danilowicz","","Teddy Ni",""
"Persist AI",http://www.persist-ai.com,Active,"Woodland, CA","Karthik Raman","","Christopher Shelner",""
"Cascading AI",https://www.cascading.ai/,Active,"New York","Lukas Haffer","","Isaiah Williams",""
"Brex",https://www.brex.com,Active,"San Francisco","Henrique Dubugras","CEO","Pedro Franceschi",""
"Defer",https://www.defer.run,Active,"Paris, France","Charly POLY","","Bryan Frimin",""
"Kobalt Labs",https://www.kobaltlabs.com/,Active,"New York","Kalyani Ramadurgam","","Ashi Agrawal",""
"PropRise",https://www.proprise.io/,Active,"San Francisco","Jean-Michael Diei","","Matthew Krager",""
"Cargo",https://getcargo.io,Active,"Paris, France","Aurelien Aubert","","Maxence De Villepion",""
"Drip Capital",http://dripcapital.com,Active,"Mumbai, India","Pushkar Mukewar","CEO"
"Strada",https://www.getstrada.com/,Active,"San Francisco","Amir Prodensky","","Arash Khazaei",""
"Stealth Worker",https://www.stealthworker.com,Active,"Menlo Park, CA","Ken Baylor",""
"Rainforest",https://www.rainforestqa.com,Active,"San Francisco","Fred Stevens-Smith","CEO","Russell Smith","CTO"
"Zinc",http://zinc.com,Active,"San Francisco","Max Kolysh","","Doug Feigelson","","John Wang","Chief Engineer"
"Instawork",http://instawork.com,Active,"San Francisco","Sumir Meghani","CEO"
"Scuba",https://www.scuba.io,Active,"Redwood City, CA","Lior Abraham",""
"FutureAdvisor",http://futureadvisor.com,Acquired,"San Francisco","Bo Lu","CEO","Jon Xu",""
"Shortbread",https://shortbread.ai/,Active,"San Francisco","Fengjiao Peng",""
"Protocol Labs",https://protocol.ai/,Active,"Palo Alto","Juan Benet","CEO, Engineer"
"Airgoods",https://airgoods.com/,Active,"New York","Aaron Farr","","Paolo Carroll","","Elian Haddock",""
"Astranis",http://www.astranis.com,Active,"San Francisco","John Gedmark","CEO","Ryan McLinko","CTO"
"Mixpanel",http://mixpanel.com,Active,"San Francisco","Suhail Doshi","CEO","Tim Trefren",""
"Validere",http://validere.com,Active,"Toronto, Canada","Nouman Ahmad","CEO","Ian Burgess",""
"Outerbase",https://www.outerbase.com,Active,"Pittsburgh, PA","Brandon Strittmatter","","Brayden Wilmoth",""
"The Human Utility",https://www.detroitwaterproject.org/,Active,"Oakland, CA","Tiffani Ashley Bell","Executive Director"
"MicroHealth",http://microhealth.com,Active,"New York","Miguel Lara","CEO","Marc Lara",""
"Modern Health",https://www.modernhealth.com/,Active,"San Francisco","Alyson Watson","CEO"
"Fortuna Health",https://fortunahealth.com/,Active,"New York","Cydney Kim","","Nikita Singareddy","","Ben Wesner",""
"Lawdingo",http://lawdingo.com,Active,"New York","Nikhil Nirmel","CEO"
"MatterPort",http://matterport.com,Public,"Sunnyvale, CA","David Gausebeck","CTO"
"Mobydish",https://www.mobydish.com,Active,"Austin, TX","Bruno Didier","CEO"
"Coaster",https://www.trycoaster.com,Active,"San Francisco","Cole Cable","","Nick Fiacco",""
"eBrandvalue",https://www.ebrandvalue.com/,Active,"Mountain View","Ayse Akcura","CEO","Tolga Ak√ßura",""
"SIRUM",http://sirum.org,Active,"Palo Alto","Kiah J. Williams","","Adam Kircher","","George Wang","Director"
"DataShare",http://datashare.co/,Active,"Austin, TX","Brian Brunner",""
"Arroyo",https://www.arroyo.dev,Active,"Berkeley, CA","Micah Wylde","","Jackson Newhouse",""
"CircuitLab",https://www.circuitlab.com/,Active,"Redwood City, CA","Humberto Evans","Software Engineer","Mike Robbins",""
"Synaptiq",https://synaptiq.co/,Active,"San Francisco","Ryan Phelps","","Jacob Caccamo","","Kevin Bastoul",""
"Airbnb",http://airbnb.com,Public,"San Francisco","Brian Chesky","CEO","Nathan Blecharczyk","CTO","Joe Gebbia","CPO"
"ClassDojo",http://www.classdojo.com,Active,"San Francisco","Sam Chaudhary","CEO","Liam Don","CTO"
"Tenjin",https://www.tenjin.com,Active,"San Francisco","Christopher Farm","CEO","Amir Manji","Head Barista"
"Ramen VR",https://ramenvr.com/,Active,"San Francisco","Lauren Frazier","","Andy Tsen",""
"80,000 Hours",http://80000hours.org,Active,"London, United Kingdom","Benjamin Todd","CEO","William MacAskill","","Robert Wiblin",""
"Advent",https://www.adventstudios.gg,Active,"San Francisco","Jarrett Perkins","","Eric Wang",""
"Obie",http://www.ObieInsurance.com,Active,"Chicago, IL","Aaron Letzeiser","","Ryan Letzeiser",""
"Finni Health",https://www.finnihealth.com/,Active,"San Francisco","Bucky Khan","","Yilun Chen",""
"Onnix",https://www.onnix.ai,Active,"New York","Mrinal Singh","","Jake Johnson","","Milan Bhandari",""
"Vocode",https://vocode.dev,Active,"San Francisco","Kian Hooshmand","","Ajay Raj",""
"Depot",https://depot.dev,Active,"Montpellier, France","Kyle Galbraith","","Jacob Gillespie",""
"People.ai",https://people.ai,Active,"San Francisco","Oleg Rogynskyy","CEO"
"Rex",https://www.rex.fit,Active,"Z√ºrich, Switzerland","Rangel Milushev","","Ahmad Roumie",""
"Scope AR",http://scopear.com,Active,"San Francisco","Scott Montgomerie","","David Nedohin","President"
"Apoxy",https://apoxy.dev,Active,"San Francisco","Matt Ward","","Dmitry Ilyevsky",""
"Rappi",http://www.rappi.com,Active,"Bogot√°, Colombia","Simon Borrero","CEO","Sebastian Mejia","","Felipe Villamarin",""
"Bayes Impact",http://bayesimpact.org,Active,"San Francisco","Paul Duan","President"
"Layup",http://www.layupai.com,Active,"New York","Ryan Xue","","Michael Lemm","","Badal Jain",""
"Versori",https://www.versori.com/,Active,"Manchester, United Kingdom","Sean Brown","","Dan Jones",""
"Tempo",https://tempo.fit/,Active,"San Francisco","Moawia Eldeeb","CEO","Joshua Augustin","CTO"
"Langfuse",https://langfuse.com,Active,"Berlin, Germany","Marc Klingen","","Maximilian Deichmann","","Clemens Rawert",""
"GOAT Group",https://www.goatgroup.com/,Active,"Los Angeles, CA","Eddy Lu","","Daishin Sugano","CPO"
"Sweep",https://sweep.dev/,Active,"San Francisco","William Zeng","","Kevin Lu",""
"Greenlite",https://www.greenlite.ai/,Active,"San Francisco","Will Lawrence","","Alex Jin",""
"The Ticket Fairy",https://www.ticketfairy.com/,Active,"Los Angeles, CA","Ritesh Patel","CEO","Jigar Patel","COO"
"Line.Build",https://www.line.build/,Active,"San Francisco","Stephanie Vasquez","","Dasha Cherepennikova",""
"Talc",https://talc.ai,Active,"Seattle, WA","Matt Lee","","Max Kerr",""
"Spine AI",https://www.getspine.ai,Active,"San Francisco","Akshay Budhkar","","Ashwin Venkatesh Raman",""
"Simbie Health",http://www.simbiehealth.com,Active,"New York","Natalia Khosla, MD MSc","","Rachel O‚ÄôDriscoll","","Natalia Perina",""
"Strikingly",https://www.strikingly.com,Active,"Shanghai, China","David Haisha Chen","CEO","Dafeng Guo","CTO","Teng Bao","CPO"
"Nobell Foods",http://www.nobellfoods.com,Active,"San Francisco","Magi Richani","CEO"
"Superside",http://www.superside.com,Active,"Oslo, Norway","Fredrik Thomassen","CEO"
"Level Frames",http://levelframes.com,Active,"NY","Josh Hubball","CEO","Damian Sowers",""
"Virtualmin",http://virtualmin.com,Active,"Mountain View","Jamie Cameron","","Joe Cooper",""
"Chatter",https://www.trychatter.ai/,Active,"Philadelphia, PA","Anish Agrawal","","Kasyap Chakra",""
"Kivo Health",https://kivohealth.com,Active,"San Francisco","Victor Sadauskas","","Vaughn Koch",""
"Guesty",http://www.guesty.com,Active,"Tel Aviv-Yafo, Israel","Amiad Soto","CEO"
"Ashby",https://www.ashbyhq.com,Active,"San Francisco","Benjamin Encz","","Abhik Pramanik",""
"Reworkd AI",https://reworkd.ai,Active,"San Francisco","Asim Shrestha","","Srijan Subedi","","Adam Watkins",""
"Routable",https://routable.com,Active,"San Francisco","Omri Mor","CEO","Tom Harel",""
"CoinTracker",https://www.cointracker.io/,Active,"San Francisco","Jon Lerner","","Chandan Lodha",""
"Invopop",https://www.invopop.com/,Active,"Madrid, Spain","Juan Moliner Malaxechevarr√≠a","","Sam Lown",""
"Luca",https://www.askluca.com/,Active,"San Francisco","Tanvi Surti","","Yonah Mann",""
"Lightski",https://www.lightski.com,Active,"San Francisco","Hansen Qian","","Richard Hwang",""
"Zenfetch",https://www.zenfetch.com/,Active,"New York","Akash Mandavilli","","Gabe Villasana",""
"Propify",https://getpropify.com,Active,"Boston","Remen Okoruwa","","Ben Keller","","Nick Johnson",""
"Tab",https://www.tab.travel,Active,"London, United Kingdom","Mark Datta","CEO"
"Notable Labs",http://notablelabs.com,Active,"Foster City, CA","Matthew De Silva","CEO","Pete Quinzio",""
"LinkGrep",https://linkgrep.com,Active,"San Francisco","Divyagnan Kandala","","TJ Kandala",""
"Cleanly",https://cleanly.com,Active,"New York","Tom Harari","CEO","Itay Forer","COO","Chen Atlas","CTO"
"CreatorML",https://creatorml.com/,Active,"New York","Charles Weill",""
"Kobo360",http://www.kobo360.com,Active,"Lagos, Nigeria","Ife Oyedele II","","Obi Ozor",""
"PlanGrid",http://plangrid.com,Acquired,"San Francisco","Tracy Young","CEO","Ryan Sutton-Gee","","Ralph Gootee","CTO"
"Lob",http://lob.com,Active,"San Francisco","Leore Avidar","CEO","Harry Zhang",""
"Inkeep",https://inkeep.com,Active,"New York","Nick Gomez","","Robert Tran",""
"Fluid Markets",http://www.fluidinvesting.com,Active,"New York","Kenneth Book","","Benjamin Litvin","","Ari Wax",""
"Monitaur",https://monitaur.xyz,Active,"Las Vegas, NV","Carlos Feliciano","","Casey Wilcox",""
"Sanvivo",http://www.sanvivo.eu,Active,"Munich, Germany","Julius Rachor","","Dominic Haul","","Nikolai Alemi Hariri","","Sven Wildermann",""
"Rainbow",https://rainbow.me,Active,"New York","Christian Baroni","","Jin Chung","","Michael Demarais",""
"Hammr",https://www.hammr.com,Active,"San Francisco","Brek Goin","","Sanket Firodiya",""
"Turntable",https://www.turntable.so,Active,"New York","Wally Gurzynski","","Justin Leder","","Ian Tracey",""
"SuperAPI",https://trysuperapi.com,Active,"Chennai, India","Adithya Kavuluru",""
"highlight.io",https://www.highlight.io/,Active,"Irvine, CA","Jay Khatri","","Vadim Korolik",""
"SafetyWing",http://www.safetywing.com,Active,"San Francisco","Sondre Rasch","CEO","Sarah Sandnes","CTO","Hans Nyvold Kjellby","COO"
"PoloPay",https://polopay.co/,Active,"Monterrey, Mexico","Andres Richardson","","Aldo Piaggio","","Juan Chomali",""
"SpotAngels",http://www.spotangels.com,Active,"San Francisco","Thomas Cottin","CTO","Aboud Jardaneh",""
"SnapEDA",https://www.snapeda.com,Active,"San Francisco","Natasha Baker","CEO"
"Bloom Institute of Technology",https://www.bloomtech.com,Active,"San Francisco","Austen Allred","CEO","Ben Nelson",""
"Cedana",https://cedana.ai,Active,"New York","Neel Master","","Niranjan Ravichandra",""
"CaptivateIQ",https://www.captivateiq.com,Active,"San Francisco","Mark Schopmeyer","CEO","Conway Teng","","Hubert Wong","CTO"
"Veriff",https://veriff.com/,Active,"Tallinn, Estonia","Kaarel Kotkas","CEO","Janer Gorohhov","COO"
"Quack AI",https://www.quack-ai.com/,Active,"Paris, France","F-G Fernandez",""
"TetraScience",https://www.tetrascience.com,Active,"Boston","Siping Wang","CTO"
"Magic",https://getmagic.com/,Active,"Washington, DC","Mike Chen","CEO","Aaron Kemmer","","David Merriman","","Nic Novak","","Michael Rubin","CFO"
"Roame",https://roame.travel/,Active,"San Francisco","Tim Qin","","Zi Liu",""
"AiSDR",https://aisdr.com/,Active,"San Francisco","Yuriy Zaremba","CEO","Oleg Zaremba",""
"MagicBus",http://www.magicbus.io,Active,"Los Angeles, CA","Jason Kraft","CTO","Chris Upjohn",""
"Warp",https://www.joinwarp.com/,Active,"New York","Ayush Sharma",""
"Machine Zone",https://www.mz.com,Acquired,"Palo Alto","Gabriel Leydon","CEO","Halbert Nakagawa","CTO","Mike Sherrill",""
"Aspire",https://aspireapp.com,Active,"Singapore, Singapore","Andrea Baronchelli","CEO","Giovanni Casinelli",""
"Quantstamp",https://quantstamp.com,Active,"Toronto, Canada","Richard Ma","CEO"
"InfluxData",https://influxdata.com,Active,"San Francisco","Paul Dix","CTO","Todd Persen","CTO"
"Amplitude",https://amplitude.com,Public,"San Francisco","Spenser Skates","CEO","Curtis Liu","CTO"
"Deasie",https://www.deasie.com/,Active,"New York","Reece Griffiths","","Mikko Peiponen","","Leonard Platzer",""
"Edge",https://withedge.com,Active,"San Francisco","Evan Zimmerman","","Len Boyette",""
"Shipper",https://shipper.id,Active,"Jakarta, Indonesia","Budi Handoko","","Phil Opamuratawongse",""
"Relativity Space",http://relativityspace.com,Active,"Los Angeles, CA","Tim Ellis","CEO"
"Khatabook",https://khatabook.com/,Active,"Bengaluru, India","Ravish Naresh","CEO","Dhanesh Kumar","","Ashish Sonone",""
"Trigo",https://trigodata.com/,Active,"New York","Sam Stein","","Abe Wheeler",""
"Mashgin",http://mashgin.com,Active,"Palo Alto","Abhinai Srivastava","CEO","Mukul Dhankhar",""
"Branch8",http://branch8.com,Active,"Hong Kong","Matt Li","Director","Tim Mak",""
"Replit",https://replit.com,Active,"San Francisco","Haya Abdalla","","Amjad Masad",""
"Fivestars",http://fivestars.com,Acquired,"San Francisco","Victor Ho","CEO","Matt Doka","CTO"
"Slingshot",https://www.sling-shot.ai/,Active,"San Francisco","Flynn Traeger","","Moe Khalil","","Bryn Hughes","","Porter Weisberg",""
"Cognito",https://cognitohq.com,Acquired,"Palo Alto","Alain Meier","CEO","John Backus","CTO","Christopher Morton","President and COO"
"Modern Fertility",https://www.modernfertility.com,Acquired,"San Francisco","Afton Vechery","CEO","Carly Leahy",""
"Inlet",https://getinlet.ai,Active,"New York","Sean Adler","","Adam Miller",""
"Elythea",https://elythea.org/,Active,"San Jose, CA","Reetam Ganguli","","Rishik Lad",""
"Algolia",http://www.algolia.com,Active,"San Francisco","Nicolas Dessaigne","Board Member","Julien Lemoine","CTO"
"Codecademy",http://codecademy.com,Acquired,"New York","Zach Sims","CEO"
"BuildScience",http://www.buildscience.com/,Active,"Niagara Falls, NY","Ritesh Patel",""
"Happyrobot",https://happyrobot.ai,Active,"San Francisco","Pablo Palafox","","Javier Palafox","","Luis Paarup",""
"Leya",https://www.leya.law/,Active,"Stockholm, Sweden","August Ers√©us","","Max Junestrand","","Sigge Labor",""
"Clerky",https://www.clerky.com,Active,"Burlingame, CA","Darby Wong","CEO","Chris Field",""
"Clueso",https://clueso.io,Active,"Bengaluru, India","Akash Anand","","Neel Balar","","Prajwal Prakash",""
"Numeral",https://numeralhq.com/,Active,"Los Angeles, CA","Kevin Liu","","Jake Moffatt","","Sam Ross",""
"Automorphic",https://automorphic.ai/,Active,"San Francisco","Govind Gnanakumar","","Maaher Gandhi","","Mahesh Natamai",""
"Shelf Engine",http://www.shelfengine.com,Active,"Seattle, WA","Stefan Kalb","CEO","Bede Jordan","CTO"
"atla",https://www.atla-ai.com/,Active,"London, United Kingdom","Maurice Burger","","Roman Engeler",""
"Resync",https://resync.ai,Active,"New York","Ethan Bond","","Jason Marmon",""
"RedCarpetUp",http://redcarpetup.com,Active,"Gurugram, India","Kartik Venkataraman",""
"Roomstorm",http://roomstorm.com,Active,"Redwood City, CA","Jakub Vysok√Ω",""
"Mezmo",https://www.mezmo.com/,Active,"San Jose, CA","Chris Nguyen",""
"OpenPhone",https://www.openphone.com,Active,"San Francisco","Mahyar Raissi","CEO","Daryna Kulya",""
"EzDubs",http://www.ezdubs.ai,Active,"San Francisco","Padmanabhan Krishnamurthy","","Amrutavarsh Kinagi",""
"order.link",https://www.order.link,Active,"Munich, Germany","Lucas Spreiter","","Stefan Reuther",""
"Ergomake",https://ergomake.dev,Active,"S√£o Paulo, Brazil","Lucas da Costa","","Lucas Vieira",""
"Empirical Health",https://empirical.health,Active,"New York","Brandon Ballinger","","Raquel Rodriguez Martinez",""
"Omgpop",http://omgpop.com,Acquired,"New York","Charles Forman","CEO"
"Think Gaming",http://thinkgaming.com,Active,"New York","michael hoydich","Strategy, Marketing","Tim Ogilvie",""
"Buildt",http://www.buildt.ai,Active,"San Francisco","Alistair Pullen","","Yang Li","","Sam Stenner",""
"Quantierra",http://quantierra.com,Active,"New York","Sandip Trivedi",""
"Narrative",https://www.trynarrative.com/,Active,"San Francisco","Suchit Dubey","","Akshit Khurana",""
"Remora",https://www.remoracarbon.com,Active,"Detroit, MI","Paul Gross",""
"Octo",https://www.getocto.ai,Active,"Tel Aviv-Yafo, Israel","Ohad Navon","","Nadav Zamir",""
"Gusto",https://gusto.com,Active,"San Francisco","Josh Reeves","CEO","Tomer London","; Empowering Gusto's Product and Design Teams","Edward Kim","Empowering Gusto's Engineering Team"
"Sorted",https://www.sorted.tools,Active,"Copenhagen, Denmark","Adam Ingwersen",""
"Reddit",http://reddit.com,Acquired,"San Francisco","Steve Huffman",""
"Radical",https://www.radicalaero.com/,Active,"Seattle, WA","James Thomas","","Cyriel Notteboom",""
"Flexport",https://www.flexport.com/careers/jobs/,Active,"San Francisco","Ryan Petersen","CEO"
"Experiment",http://experiment.com,Active,"Honolulu, HI","Denny Luan",""
"Elyos Energy",https://www.elyosenergy.com,Active,"London, United Kingdom","Adrian Johnston","","Philippa Brown","","Panos Stravopodis",""
"Holacasa",https://www.holacasa.mx/,Active,"Mexico City, Mexico","Eric Y√°√±ez",""
"Pierre",https://heypierre.app,Active,"New York","Jacob Thornton","","Ian Ownbey",""
"Cyclone",https://www.usecyclone.dev/,Active,"New York","Tony Yang","","Haoyang Yu",""
"Squack",http://squack.io,Active,"San Francisco","Preston Zhou","","Elijah Sorey","","Eitan Borgnia",""
"Circle Medical",https://circlemedical.com,Active,"San Francisco","George Favvas","CEO","JS Boulanger","CTO"
"Sero AI",https://getsero.ai,Active,"San Jose, CA","Ankur Rustagi","","Talha Baig",""
"Heroic Labs",http://heroiclabs.com,Active,"London, United Kingdom","Chris Molozian","CEO","Andrei Mihu","CTO","Mo Firouz","COO"
"Trench",http://trytrench.com,Active,"San Francisco","Max Wu","","Bowen Xue",""
"Bronco AI",https://www.bronco.ai/,Active,"San Francisco","David Zhi LuoZhang","","Jeffrey Pan",""
"Map3",https://map3.xyz,Active,"New York","Amadeo Pellicce",""
"Coba",https://www.coba.ai,Active,"Monterrey, Mexico","Joseph Saliba","","Eduardo Lopez De Leon","","Abraham Kuri Vargas","","Carlos Alberto Medellin Gonzalez",""
"Mighty Buildings",https://www.mightybuildings.com,Active,"Oakland, CA","Slava Solonitsyn","","Dmitry Starodubtsev",""
"Pave",https://pave.com,Active,"San Francisco","Matt Schulman",""
"Onu",https://joinonu.com,Active,"New York","Lindsey Redd","","Chine Ikoro",""
"ProdTrace",https://www.prodtrace.com/,Active,"San Francisco","Saelig Khattar","","Jana Mithrakumar",""
"Vendr.com",http://www.vendr.com,Active,"Boston","Ryan Neu",""
"Waveline",https://waveline.ai/,Active,"Z√ºrich, Switzerland","Jan Schnyder","","Nicolas Muntwyler","","Kyrill Hux","","Stan Wohlwend",""
"Nash",https://www.usenash.com/,Active,"San Francisco","Mahmoud Ghulman","","Aziz Alghunaim",""
"Iliad",https://iliad.ai,Active,"Pittsburgh, PA","Matthew Turnshek",""
"MICSI",https://www.micsi.co/,Active,"New York","Gregory Lemberskiy","","Benjamin Ades-Aron",""
"Rubber Ducky Labs",https://www.rubberduckylabs.io/,Active,"San Francisco","Alexandra Johnson","","Georgia Hong",""
"sizeless",https://www.sizeless.co,Active,"San Francisco","Roger de Belsunce","","Cornelius von Einem",""
"HealthSherpa",https://healthsherpa.com,Active,"Sacramento, CA","George Kalogeropoulos","CEO","Ning Liang",""
"LifestyleRx",https://lifestylerx.io/,Active,"White Rock, Canada","Jason Kerkvliet","","Jack Hilliard","","Brendan Byrne","","Daniel Pfingstgraef",""
"truemetrics",https://www.truemetrics.io/,Active,"Berlin, Germany","Ingo Boegemann","","Jan Bischof","","David Wulff",""
"PicnicHealth",https://picnichealth.com,Active,"San Francisco","Noga Leviner","CEO","Troy Astorino","CTO"
"Mutiny",https://www.mutinyhq.com,Active,"San Francisco","Nikhil Mathew","","Jaleh Rezaei",""
"Groww",https://groww.in,Active,"Bengaluru, India","Lalit Keshre","CEO","Harsh Jain","COO","Ishan Bansal","","Neeraj Singh",""
"Parea",https://www.parea.ai,Active,"New York","Joel Alexander","","Joschka Braun",""
"BerriAI",https://github.com/BerriAI/litellm,Active,"San Francisco","Krrish Dholakia","","Ishaan Jaffer",""
"Lume",https://www.lume.ai,Active,"New York","Robert Ross","","Nicolas Machado","","Nebyou Zewde",""
"Berry",https://berryapp.io/yc,Active,"San Francisco","Yan Fu","","Ann Chan",""
"Khoj",https://khoj.dev/,Active,"San Francisco","Debanjum Singh Solanky","","Saba Imran",""
"ztool",https://ztool.co/,Active,"New York","Jonas Nelle",""
"GoCardless",http://gocardless.com,Active,"London, United Kingdom","Hiroki Takeuchi","CEO","Matt Robinson","Board Member","Tom Blomfield",""
"Shape (ShapeScale)",https://shapescale.com,Active,"San Francisco","Alexandre Wayenberg","CEO","Martin Kessler","COO"
"Armory",http://armory.io,Active,"San Mateo, CA","Isaac Mosquera","CTO","Ben Mappen","CPO"
"Roboflow",https://roboflow.com,Active,"Des Moines, IA","Joseph Nelson","","Brad Dwyer",""
"NimbleRx",http://nimblerx.com,Active,"Redwood City, CA","Talha Sattar","CEO"
"Embrace",https://embrace.io,Active,"Los Angeles, CA","Eric Futoran","","Fredric Newberg",""
"Vector",https://vector.co,Active,"Boston","Joshua Perk","","Nick Masters",""
"Industrial Microbes",http://imicrobes.com,Active,"Alameda, CA","Derek Greenfield","CEO","Liz Clarke","CTO","Noah Helman","CSO"
"TeamNote",http://teamnoteapp.com,Active,"Hong Kong, Hong Kong","Roy Law","","Ming Lo","CTO","Jon Yip",""
"Tech in Asia",http://techinasia.com,Active,"Singapore, Singapore","Willis Wee","CEO"
"Delphia",http://delphia.com,Active,"Toronto, Canada","Andrew Peek","CEO","Clifton van der Linden","CEO"
"Postscript",https://postscript.io,Active,"Phoenix, AZ","Adam Turner","CEO","Colin Turner","","Alex Beller",""
"Cakework",https://www.cakework.com,Active,"Seattle, WA","Jessie Young",""
"Trainy",https://trainy.ai/,Active,"San Francisco","Roanak Baviskar","","Andrew Aikawa",""
"Thread",https://www.threadim.com,Active,"New York","Yuheng Wang","","Harsha Vankayalapati","","Akeem Williams",""
"Chart",https://getcharteditor.com,Active,"New York","Fatih Celikbas",""
"Promise",http://promise-pay.com,Active,"Oakland, CA","Phaedra Ellis-Lamkins","","Diana Frappier",""
"SmartAsset",http://smartasset.com,Active,"New York","Michael Carvin","CEO"
"Spruce Systems",https://www.spruceid.com,Active,"New York","Wayne Chang","","Gregory Rocco",""
"TrueVault",https://www.truevault.com,Active,"San Francisco","Jason Wang",""
"Apollo",http://apollographql.com/,Active,"San Francisco","Geoff Schmidt","CEO","Nick Martin","CTO","Matt DeBergalis","CTO"
"Sqreen",https://www.sqreen.com/,Acquired,"San Francisco","Pierre Betouin","CEO","Jean-Baptiste Aviat","CTO"
"Stoke Space",https://www.stokespace.com/,Active,"Seattle, WA","Andy Lapsa","","Tom Feldman",""
"Breadfast",https://www.breadfast.com,Active,"Cairo, Egypt","Mostafa Amin","","Muhammad Habib","","Abdallah Nofal",""
"Flower",https://flower.dev,Active,"Hamburg, Germany","Daniel J. Beutel","","Nic Lane","","Taner Topal",""
"Depict",https://depict.ai/,Active,"Stockholm, Sweden","Oliver Edholm","","Anton Osika",""
"Bluedot",https://thebluedot.co/,Active,"San Francisco","Selinay Parlak","","Ferhat Babacan",""
"Constant",https://useconstant.com,Active,"New York","Ben Sender",""
"Bright",https://www.thinkbright.mx,Active,"Mexico City, Mexico","Jonah Greenberger",""
"Fivetran",http://fivetran.com,Active,"Oakland, CA","Taylor Brown","COO","George Fraser",""
"Fairway Health",https://www.fairwayhealth.co/,Active,"New York","Moses Im","","Joseph Chen","","Grace W",""
"True Link",https://www.truelinkfinancial.com/,Active,"San Francisco","Kai Stinchcombe","CEO","Claire McDonnell","COO"
"Dover",http://dover.com,Active,"San Francisco","Max Kolysh","","Anvisha Pai","","George Carollo",""
"Oolu",http://oolusolar.com,Active,"Dakar, Senegal","Nilmi Senaratna","","Dan Rosa","COO"
"Click & Grow",https://www.clickandgrow.com/,Active,"Palo Alto","Mattias Lepp",""
"Twenty",https://twenty.com,Active,"San Francisco","F√©lix Malfait","","Thomas Colas des Francs","","Charles Bochet",""
"PiinPoint",https://piinpoint.com,Active,"Kitchener, Canada","Jim Robeson","","Adam Saunders","CTO"
"Podium",https://podium.com,Active,"Lehi, UT","Eric Rea","CEO","Dennis Steele",""
"Onward",https://onwardhq.com/,Active,"San Francisco","Nikolas Huebecker","","Coleman Oates",""
"GitPrime",https://www.gitprime.com,Acquired,"Durango, CO","Travis Kimmel","CEO","Ben Thompson","Chief Customer Officer"
"IcePanel",https://icepanel.io,Active,"Vancouver, Canada","Jacob Shadbolt","","Victor Leach",""
"Science Exchange",https://www.scienceexchange.com/,Active,"Palo Alto","Elizabeth Iorns","President & CEO; Chairman of the Board","Dan Knox",""
"CambioML",https://www.cambioml.com/,Active,"San Jose, CA","Rachel Hu","","Jared Wilber",""
"AirHelp",http://airhelp.com,Active,"New York","Henrik Zillmer",""
"Twitch",http://twitch.com,Acquired,"San Francisco","Justin Kan","","Michael Seibel","","Emmett Shear","","Kyle Vogt",""
"BeGo",http://www.bego.ai,Active,"San Francisco","Ivan Cardenas","","Jasiel Cardenas",""
"ZeroDev",https://zerodev.app/,Active,"New York","Derek Chiang",""
"JustPaid.io",https://www.justpaid.io,Active,"Mountain View","Daniel Kivatinos","","Anelya Grant","","Vinay Datta Pinnaka",""
"Dyspatch",https://www.dyspatch.io,Active,"Victoria, Canada","Matt Harris","CEO"
"Streak",http://streak.com,Active,"San Francisco","Aleem Mawani",""
"Medmonk",http://medmonk.com,Active,"Milpitas, CA","Abbas Mehdi","","Somaira Punjwani",""
"CircuitHub",https://circuithub.com,Active,"London, United Kingdom","Andrew Seddon","CEO"
"Supabase",https://supabase.com,Active,"Singapore","Paul Copplestone","","Ant Wilson",""
"Ribbon Health",http://www.ribbonhealth.com,Active,"New York","Nate Maslak","CEO","Nate Fox",""
"Slash",https://www.joinslash.com/,Active,"San Francisco","Victor Cardenas","","Kevin Bai",""
"Mira",https://www.usemira.ai,Active,"San Francisco","Harshith Mullapudi","","Manoj K","","Manik Aggarwal",""
"Can of Soup",https://canofsoup.com/,Active,"San Francisco","Gabriel Birnbaum","","Eric Meier",""
"Platzi",https://platzi.com,Active,"San Francisco","Freddy Vega üíö","CEO","Christian Van Der Henst",""
"Airbyte",https://airbyte.com/,Active,"San Francisco","John Lafleur","","Michel Tricot",""
"Font Awesome",http://fontawesome.com,Active,"Bentonville, AR","Dave Gandy","CEO","Travis Chase",""
"Xeol",https://www.xeol.io/,Active,"New York","ShiHan Wan","","Benji Visser",""
"Scanbase",https://www.scanbase.com,Active,"Los Angeles, CA","Jeffrey Lange","","Steve Roger",""
"Vastrm",http://vastrm.com,Active,"Burlingame, CA","Jonathan Tang","CEO/President"
"Xendit",https://www.xendit.co/,Active,"Jakarta, Indonesia","Moses Lo","CEO","Juan Gonzalez","Principal Software Engineer","Bo Chen","CTO"
"DSensei",https://www.dsensei.app,Active,"San Mateo, CA","Yulong Liu","","Daiyi Yang",""
"LAIKA",https://laika.com.co/,Active,"Bogot√°, Colombia","TULIO JIMENEZ","","MANUELA SANCHEZ","","Camilo Sanchez",""
"QuickNode",https://www.quicknode.com,Active,"Miami, FL","Dmitry Shklovsky","","Auston Bunsen","","Manuel Kreutz","","Alexander Nabutovsky",""
"Goldbelly",https://www.goldbelly.com/,Active,"New York","Joe Ariel","CEO","Joel Gillman","Vice President of Engineering","Trevor Stow","CTO","Vanessa Torrivilla","CPO"
"Joy",http://withjoy.com,Active,"San Francisco","Vishal Joshi","CEO","Dorian Michael Bach","","Kaiwalya Kher","CTO"
"Epsilla",https://www.epsilla.com/,Active,"Jersey City, NJ","Richard Song","","Ricki Qin","","Eric Yang",""
"Screenleap",https://screenleap.com,Active,"San Carlos, CA","Tuyen Truong","CEO","Lawrence Gentilello","Board Director"
"SingleStore",https://www.singlestore.com,Active,"San Francisco","Eric Frenkiel","CEO","Nikita Shamgunov","CTO"
"Backdrop",https://www.joinbackdrop.com,Active,"San Francisco","Akanksha Singh","","Caitlin Short",""
